機構編號,機構名稱,行政區,類型,核准人數/班級,聯絡地址,聯絡電話,風險等級,綜合風險評分,首要稽核重點
ntpc-pre-0376,新北市三峽區三峽國民小學附設幼兒園,三峽區,公立學校附設幼兒園,134,新北市三峽區中山路16號,02-2953-1326,低風險,34,查核師生比是否符合法定標準（幼幼班 1:8、大中小班 1:15）。；核對現場教保服務人員之教師證、教保員資格備查冊。
ntpc-pre-0379,新北市三峽區中園國民小學附設幼兒園,三峽區,公立學校附設幼兒園,118,新北市三峽區大埔路14號,02-2864-2446,低風險,17,查核師生比是否符合法定標準（幼幼班 1:8、大中小班 1:15）。；核對現場教保服務人員之教師證、教保員資格備查冊。
ntpc-pre-0382,新北市三峽區五寮國民小學附設幼兒園,三峽區,公立學校附設幼兒園,98,新北市三峽區五寮里69號,02-2768-1588,低風險,30,查核師生比是否符合法定標準（幼幼班 1:8、大中小班 1:15）。；核對現場教保服務人員之教師證、教保員資格備查冊。
ntpc-pre-0377,新北市三峽區介壽國民小學附設幼兒園,三峽區,公立學校附設幼兒園,204,新北市三峽區介壽路一段34號,02-2464-8559,低風險,19,查核師生比是否符合法定標準（幼幼班 1:8、大中小班 1:15）。；核對現場教保服務人員之教師證、教保員資格備查冊。
ntpc-pre-0380,新北市三峽區大埔國民小學附設幼兒園,三峽區,公立學校附設幼兒園,192,新北市三峽區大埔路221號,02-2696-5647,低風險,20,查核師生比是否符合法定標準（幼幼班 1:8、大中小班 1:15）。；核對現場教保服務人員之教師證、教保員資格備查冊。
ntpc-pre-0378,新北市三峽區安溪國民小學附設幼兒園,三峽區,公立學校附設幼兒園,108,新北市三峽區中華路42號,02-2723-5879,低風險,35,查核師生比是否符合法定標準（幼幼班 1:8、大中小班 1:15）。；核對現場教保服務人員之教師證、教保員資格備查冊。
ntpc-pre-0383,新北市三峽區成福國民小學附設幼兒園,三峽區,公立學校附設幼兒園,167,新北市三峽區溪東路213號,02-2422-4330,高風險,86,查核師生比是否符合法定標準（幼幼班 1:8、大中小班 1:15）。；核對現場教保服務人員之教師證、教保員資格備查冊。
ntpc-pre-0381,新北市三峽區插角國民小學附設幼兒園,三峽區,公立學校附設幼兒園,123,新北市三峽區插角里39號,02-2878-8637,低風險,35,查核師生比是否符合法定標準（幼幼班 1:8、大中小班 1:15）。；核對現場教保服務人員之教師證、教保員資格備查冊。
ntpc-hs-0039,新北市私立辭修高級中學,三峽區,私立高中,1300,新北市三峽區溪東路251號,02-2441-2066,低風險,22,中央廚房食材登錄平台每日食材驗收與溯源登錄稽查。；校舍樓梯走廊防墜設施、消防設備檢修合格證在效期內。
ntpc-pre-0462,新北市私立道禾幼兒園三峽校,三峽區,私立幼兒園,140,新北市三峽區大學路156號,02-2788-4980,低風險,32,查核師生比是否符合法定標準（幼幼班 1:8、大中小班 1:15）。；核對現場教保服務人員之教師證、教保員資格備查冊。
ntpc-jh-0089,新北市立三峽國民中學,三峽區,市立國中,1700,新北市三峽區復興路238號,02-2917-6571,中風險,53,中央廚房食材登錄平台每日食材驗收與溯源登錄稽查。；校舍樓梯走廊防墜設施、消防設備檢修合格證在效期內。
ntpc-el-0212,新北市立三峽國民小學,三峽區,市立國小,2300,新北市三峽區中山路16號,02-2327-4391,低風險,35,中央廚房食材登錄平台每日食材驗收與溯源登錄稽查。；校舍樓梯走廊防墜設施、消防設備檢修合格證在效期內。
ntpc-el-0215,新北市立中園國民小學,三峽區,市立國小,1550,新北市三峽區大埔路14號,02-2661-5516,低風險,28,中央廚房食材登錄平台每日食材驗收與溯源登錄稽查。；校舍樓梯走廊防墜設施、消防設備檢修合格證在效期內。
ntpc-el-0218,新北市立五寮國民小學,三峽區,市立國小,550,新北市三峽區五寮里69號,02-2491-8459,低風險,25,中央廚房食材登錄平台每日食材驗收與溯源登錄稽查。；校舍樓梯走廊防墜設施、消防設備檢修合格證在效期內。
ntpc-el-0213,新北市立介壽國民小學,三峽區,市立國小,2150,新北市三峽區介壽路一段34號,02-2511-4773,低風險,30,中央廚房食材登錄平台每日食材驗收與溯源登錄稽查。；校舍樓梯走廊防墜設施、消防設備檢修合格證在效期內。
ntpc-hs-0038,新北市立北大高級中學,三峽區,市立高中,1500,新北市三峽區大義路277號,02-2482-4514,中風險,50,中央廚房食材登錄平台每日食材驗收與溯源登錄稽查。；校舍樓梯走廊防墜設施、消防設備檢修合格證在效期內。
ntpc-el-0216,新北市立大埔國民小學,三峽區,市立國小,1300,新北市三峽區大埔路221號,02-2400-4009,中風險,51,中央廚房食材登錄平台每日食材驗收與溯源登錄稽查。；校舍樓梯走廊防墜設施、消防設備檢修合格證在效期內。
ntpc-jh-0090,新北市立安溪國民中學,三峽區,市立國中,1400,新北市三峽區大同路135號,02-2969-1149,中風險,57,中央廚房食材登錄平台每日食材驗收與溯源登錄稽查。；校舍樓梯走廊防墜設施、消防設備檢修合格證在效期內。
ntpc-el-0214,新北市立安溪國民小學,三峽區,市立國小,1850,新北市三峽區中華路42號,02-2936-6708,中風險,65,中央廚房食材登錄平台每日食材驗收與溯源登錄稽查。；校舍樓梯走廊防墜設施、消防設備檢修合格證在效期內。
ntpc-el-0219,新北市立成福國民小學,三峽區,市立國小,800,新北市三峽區溪東路213號,02-2454-2932,低風險,16,中央廚房食材登錄平台每日食材驗收與溯源登錄稽查。；校舍樓梯走廊防墜設施、消防設備檢修合格證在效期內。
ntpc-el-0217,新北市立插角國民小學,三峽區,市立國小,650,新北市三峽區插角里39號,02-2923-6548,低風險,16,中央廚房食材登錄平台每日食材驗收與溯源登錄稽查。；校舍樓梯走廊防墜設施、消防設備檢修合格證在效期內。
ntpc-hs-0064,新北市立明德高級中學,三峽區,市立高中,1800,新北市三峽區中正路二段399號,02-2672-3302,低風險,25,綜合型高中與體育重點培訓運動場館安全設施保養紀錄。；學生餐廳團膳合約履約保證與食品安全快篩檢驗留存。
ntpc-jh-0091,新北市立明德高級中學國中部,三峽區,市立國中,1100,新北市三峽區中正路二段399號,02-2430-1359,低風險,18,中央廚房食材登錄平台每日食材驗收與溯源登錄稽查。；校舍樓梯走廊防墜設施、消防設備檢修合格證在效期內。
ntpc-pre-0421,新北市三芝區三芝國民小學附設幼兒園,三芝區,公立學校附設幼兒園,198,新北市三芝區育英街22號,02-2304-9982,低風險,26,查核師生比是否符合法定標準（幼幼班 1:8、大中小班 1:15）。；核對現場教保服務人員之教師證、教保員資格備查冊。
ntpc-pre-0422,新北市三芝區興華國民小學附設幼兒園,三芝區,公立學校附設幼兒園,117,新北市三芝區楓林1號,02-2592-8658,低風險,36,查核師生比是否符合法定標準（幼幼班 1:8、大中小班 1:15）。；核對現場教保服務人員之教師證、教保員資格備查冊。
ntpc-jh-0105,新北市立三芝國民中學,三芝區,市立國中,600,新北市三芝區淡金路一段38號,02-2607-4133,低風險,15,中央廚房食材登錄平台每日食材驗收與溯源登錄稽查。；校舍樓梯走廊防墜設施、消防設備檢修合格證在效期內。
ntpc-el-0257,新北市立三芝國民小學,三芝區,市立國小,1200,新北市三芝區育英街22號,02-2290-5797,低風險,18,中央廚房食材登錄平台每日食材驗收與溯源登錄稽查。；校舍樓梯走廊防墜設施、消防設備檢修合格證在效期內。
ntpc-el-0258,新北市立興華國民小學,三芝區,市立國小,600,新北市三芝區楓林1號,02-2542-7333,低風險,29,中央廚房食材登錄平台每日食材驗收與溯源登錄稽查。；校舍樓梯走廊防墜設施、消防設備檢修合格證在效期內。
ntpc-pre-0319,新北市三重區三和國民小學附設幼兒園,三重區,公立學校附設幼兒園,191,新北市三重區三和路四段216號,02-2434-4526,低風險,16,查核師生比是否符合法定標準（幼幼班 1:8、大中小班 1:15）。；核對現場教保服務人員之教師證、教保員資格備查冊。
ntpc-pre-0322,新北市三重區二重國民小學附設幼兒園,三重區,公立學校附設幼兒園,92,新北市三重區大有街10號,02-2383-3284,低風險,32,查核師生比是否符合法定標準（幼幼班 1:8、大中小班 1:15）。；核對現場教保服務人員之教師證、教保員資格備查冊。
ntpc-pre-0326,新北市三重區五華國民小學附設幼兒園,三重區,公立學校附設幼兒園,168,新北市三重區集賢路89號,02-2371-5563,低風險,23,查核師生比是否符合法定標準（幼幼班 1:8、大中小班 1:15）。；核對現場教保服務人員之教師證、教保員資格備查冊。
ntpc-pre-0316,新北市三重區修德國民小學附設幼兒園,三重區,公立學校附設幼兒園,196,新北市三重區重陽路三段3號,02-2986-8310,低風險,26,查核師生比是否符合法定標準（幼幼班 1:8、大中小班 1:15）。；核對現場教保服務人員之教師證、教保員資格備查冊。
ntpc-pre-0321,新北市三重區光榮國民小學附設幼兒園,三重區,公立學校附設幼兒園,137,新北市三重區介壽路63號,02-2951-7897,低風險,32,查核師生比是否符合法定標準（幼幼班 1:8、大中小班 1:15）。；核對現場教保服務人員之教師證、教保員資格備查冊。
ntpc-pre-0327,新北市三重區光興國民小學附設幼兒園,三重區,公立學校附設幼兒園,91,新北市三重區光興街186號,02-2693-5030,低風險,33,查核師生比是否符合法定標準（幼幼班 1:8、大中小班 1:15）。；核對現場教保服務人員之教師證、教保員資格備查冊。
ntpc-pre-0317,新北市三重區厚德國民小學附設幼兒園,三重區,公立學校附設幼兒園,176,新北市三重區忠孝路一段70號,02-2687-5266,低風險,19,查核師生比是否符合法定標準（幼幼班 1:8、大中小班 1:15）。；核對現場教保服務人員之教師證、教保員資格備查冊。
ntpc-pre-0320,新北市三重區正義國民小學附設幼兒園,三重區,公立學校附設幼兒園,176,新北市三重區信義西街31號,02-2264-8548,低風險,33,查核師生比是否符合法定標準（幼幼班 1:8、大中小班 1:15）。；核對現場教保服務人員之教師證、教保員資格備查冊。
ntpc-pre-0318,新北市三重區碧華國民小學附設幼兒園,三重區,公立學校附設幼兒園,127,新北市三重區五華街160號,02-2410-8977,低風險,32,查核師生比是否符合法定標準（幼幼班 1:8、大中小班 1:15）。；核對現場教保服務人員之教師證、教保員資格備查冊。
ntpc-pre-0325,新北市三重區興華國民小學附設幼兒園,三重區,公立學校附設幼兒園,105,新北市三重區中華路47號,02-2609-8114,低風險,18,查核師生比是否符合法定標準（幼幼班 1:8、大中小班 1:15）。；核對現場教保服務人員之教師證、教保員資格備查冊。
ntpc-pre-0324,新北市三重區重陽國民小學附設幼兒園,三重區,公立學校附設幼兒園,115,新北市三重區中正北路113號,02-2997-1621,低風險,26,查核師生比是否符合法定標準（幼幼班 1:8、大中小班 1:15）。；核對現場教保服務人員之教師證、教保員資格備查冊。
ntpc-pre-0323,新北市三重區集美國民小學附設幼兒園,三重區,公立學校附設幼兒園,207,新北市三重區集美街10號,02-2747-4215,高風險,82,查核師生比是否符合法定標準（幼幼班 1:8、大中小班 1:15）。；核對現場教保服務人員之教師證、教保員資格備查冊。
ntpc-pre-0466,新北市三重碧華非營利幼兒園,三重區,非營利幼兒園,140,新北市三重區自強路五段66號,02-2825-1280,低風險,16,查核師生比是否符合法定標準（幼幼班 1:8、大中小班 1:15）。；核對現場教保服務人員之教師證、教保員資格備查冊。
ntpc-hs-0018,新北市私立東海高級中學,三重區,私立高中,1200,新北市三重區忠孝路三段93巷1號,02-2772-2703,低風險,31,中央廚房食材登錄平台每日食材驗收與溯源登錄稽查。；校舍樓梯走廊防墜設施、消防設備檢修合格證在效期內。
ntpc-hs-0017,新北市私立格致高級中學,三重區,私立高中,2200,新北市三重區大智街260號,02-2758-7805,低風險,24,中央廚房食材登錄平台每日食材驗收與溯源登錄稽查。；校舍樓梯走廊防墜設施、消防設備檢修合格證在效期內。
ntpc-hs-0054,新北市私立清傳高級商業職業學校,三重區,私立高職,900,新北市三重區三和路三段1號,02-2971-5514,低風險,30,商業實習設備檢定在效期內。；校舍耐震與防墜檢查合格。
ntpc-hs-0019,新北市私立穀保高級家事商業職業學校,三重區,私立高職,1800,新北市三重區中正北路560巷38號,02-2604-7920,低風險,24,中央廚房食材登錄平台每日食材驗收與溯源登錄稽查。；校舍樓梯走廊防墜設施、消防設備檢修合格證在效期內。
ntpc-hs-0016,新北市私立金陵女子高級中學,三重區,私立高中,1500,新北市三重區重新路五段656號,02-2580-1448,低風險,18,中央廚房食材登錄平台每日食材驗收與溯源登錄稽查。；校舍樓梯走廊防墜設施、消防設備檢修合格證在效期內。
ntpc-jh-0068,新北市立三和國民中學,三重區,市立國中,1600,新北市三重區三和路四段170號,02-2537-3131,低風險,36,中央廚房食材登錄平台每日食材驗收與溯源登錄稽查。；校舍樓梯走廊防墜設施、消防設備檢修合格證在效期內。
ntpc-el-0155,新北市立三和國民小學,三重區,市立國小,1850,新北市三重區三和路四段216號,02-2720-1209,中風險,57,中央廚房食材登錄平台每日食材驗收與溯源登錄稽查。；校舍樓梯走廊防墜設施、消防設備檢修合格證在效期內。
ntpc-jh-0065,新北市立三重國民中學,三重區,市立國中,1450,新北市三重區三和路三段46號,02-2213-3301,低風險,27,中央廚房食材登錄平台每日食材驗收與溯源登錄稽查。；校舍樓梯走廊防墜設施、消防設備檢修合格證在效期內。
ntpc-pre-0445,新北市立三重幼兒園,三重區,市立幼兒園,190,新北市三重區集美街212號,02-2769-8644,低風險,23,查核師生比是否符合法定標準（幼幼班 1:8、大中小班 1:15）。；核對現場教保服務人員之教師證、教保員資格備查冊。
ntpc-hs-0014,新北市立三重高級中學,三重區,市立高中,2000,新北市三重區集美街212號,02-2559-1852,低風險,25,中央廚房食材登錄平台每日食材驗收與溯源登錄稽查。；校舍樓梯走廊防墜設施、消防設備檢修合格證在效期內。
ntpc-hs-0015,新北市立三重高級商工職業學校,三重區,市立高職,2500,新北市三重區中正北路163號,02-2707-8387,低風險,36,中央廚房食材登錄平台每日食材驗收與溯源登錄稽查。；校舍樓梯走廊防墜設施、消防設備檢修合格證在效期內。
ntpc-jh-0067,新北市立二重國民中學,三重區,市立國中,1300,新北市三重區忠孝路三段89號,02-2467-1635,低風險,36,中央廚房食材登錄平台每日食材驗收與溯源登錄稽查。；校舍樓梯走廊防墜設施、消防設備檢修合格證在效期內。
ntpc-el-0158,新北市立二重國民小學,三重區,市立國小,1600,新北市三重區大有街10號,02-2330-1155,低風險,20,中央廚房食材登錄平台每日食材驗收與溯源登錄稽查。；校舍樓梯走廊防墜設施、消防設備檢修合格證在效期內。
ntpc-el-0162,新北市立五華國民小學,三重區,市立國小,2000,新北市三重區集賢路89號,02-2305-1910,低風險,23,中央廚房食材登錄平台每日食材驗收與溯源登錄稽查。；校舍樓梯走廊防墜設施、消防設備檢修合格證在效期內。
ntpc-el-0152,新北市立修德國民小學,三重區,市立國小,1950,新北市三重區重陽路三段3號,02-2442-1772,低風險,34,中央廚房食材登錄平台每日食材驗收與溯源登錄稽查。；校舍樓梯走廊防墜設施、消防設備檢修合格證在效期內。
ntpc-jh-0066,新北市立光榮國民中學,三重區,市立國中,1550,新北市三重區介壽路87號,02-2282-2088,低風險,25,中央廚房食材登錄平台每日食材驗收與溯源登錄稽查。；校舍樓梯走廊防墜設施、消防設備檢修合格證在效期內。
ntpc-el-0157,新北市立光榮國民小學,三重區,市立國小,1650,新北市三重區介壽路63號,02-2730-4949,中風險,51,中央廚房食材登錄平台每日食材驗收與溯源登錄稽查。；校舍樓梯走廊防墜設施、消防設備檢修合格證在效期內。
ntpc-el-0163,新北市立光興國民小學,三重區,市立國小,1550,新北市三重區光興街186號,02-2730-9288,中風險,64,中央廚房食材登錄平台每日食材驗收與溯源登錄稽查。；校舍樓梯走廊防墜設施、消防設備檢修合格證在效期內。
ntpc-el-0153,新北市立厚德國民小學,三重區,市立國小,1800,新北市三重區忠孝路一段70號,02-2689-4336,低風險,16,中央廚房食材登錄平台每日食材驗收與溯源登錄稽查。；校舍樓梯走廊防墜設施、消防設備檢修合格證在效期內。
ntpc-hs-0060,新北市立新北高級中學,三重區,市立高中,2100,新北市三重區三信路1號,02-2857-7326,低風險,26,中央廚房食材登錄平台每日食材驗收與溯源登錄稽查。；綜合大樓、體育館與教學區防墜設施、消防設備檢修合格證在效期內。
ntpc-jh-0069,新北市立明志國民中學,三重區,市立國中,1500,新北市三重區中正北路107號,02-2300-3619,低風險,27,中央廚房食材登錄平台每日食材驗收與溯源登錄稽查。；校舍樓梯走廊防墜設施、消防設備檢修合格證在效期內。
ntpc-el-0156,新北市立正義國民小學,三重區,市立國小,1750,新北市三重區信義西街31號,02-2477-2952,低風險,28,中央廚房食材登錄平台每日食材驗收與溯源登錄稽查。；校舍樓梯走廊防墜設施、消防設備檢修合格證在效期內。
ntpc-jh-0070,新北市立碧華國民中學,三重區,市立國中,1400,新北市三重區自強路五段66號,02-2593-8126,低風險,20,中央廚房食材登錄平台每日食材驗收與溯源登錄稽查。；校舍樓梯走廊防墜設施、消防設備檢修合格證在效期內。
ntpc-el-0154,新北市立碧華國民小學,三重區,市立國小,2100,新北市三重區五華街160號,02-2520-4427,高風險,75,中央廚房食材登錄平台每日食材驗收與溯源登錄稽查。；校舍樓梯走廊防墜設施、消防設備檢修合格證在效期內。
ntpc-el-0161,新北市立興華國民小學,三重區,市立國小,1500,新北市三重區中華路47號,02-2906-1378,低風險,27,中央廚房食材登錄平台每日食材驗收與溯源登錄稽查。；校舍樓梯走廊防墜設施、消防設備檢修合格證在效期內。
ntpc-el-0160,新北市立重陽國民小學,三重區,市立國小,1900,新北市三重區中正北路113號,02-2997-4443,低風險,24,中央廚房食材登錄平台每日食材驗收與溯源登錄稽查。；校舍樓梯走廊防墜設施、消防設備檢修合格證在效期內。
ntpc-el-0159,新北市立集美國民小學,三重區,市立國小,2300,新北市三重區集美街10號,02-2914-6674,中風險,57,中央廚房食材登錄平台每日食材驗收與溯源登錄稽查。；校舍樓梯走廊防墜設施、消防設備檢修合格證在效期內。
ntpc-pre-0464,新北市中和中興非營利幼兒園,中和區,非營利幼兒園,130,新北市中和區復興路280號,02-2946-6933,低風險,27,查核師生比是否符合法定標準（幼幼班 1:8、大中小班 1:15）。；核對現場教保服務人員之教師證、教保員資格備查冊。
ntpc-pre-0302,新北市中和區中和國民小學附設幼兒園,中和區,公立學校附設幼兒園,102,新北市中和區中和路100號,02-2782-3617,低風險,34,查核師生比是否符合法定標準（幼幼班 1:8、大中小班 1:15）。；核對現場教保服務人員之教師證、教保員資格備查冊。
ntpc-pre-0304,新北市中和區光復國民小學附設幼兒園,中和區,公立學校附設幼兒園,145,新北市中和區光環路二段1號,02-2205-6026,中風險,64,查核師生比是否符合法定標準（幼幼班 1:8、大中小班 1:15）。；核對現場教保服務人員之教師證、教保員資格備查冊。
ntpc-pre-0309,新北市中和區復興國民小學附設幼兒園,中和區,公立學校附設幼兒園,130,新北市中和區復興路260號,02-2341-3576,低風險,21,查核師生比是否符合法定標準（幼幼班 1:8、大中小班 1:15）。；核對現場教保服務人員之教師證、教保員資格備查冊。
ntpc-pre-0307,新北市中和區景新國民小學附設幼兒園,中和區,公立學校附設幼兒園,112,新北市中和區景新街467巷37號,02-2229-8130,低風險,30,查核師生比是否符合法定標準（幼幼班 1:8、大中小班 1:15）。；核對現場教保服務人員之教師證、教保員資格備查冊。
ntpc-pre-0303,新北市中和區秀山國民小學附設幼兒園,中和區,公立學校附設幼兒園,170,新北市中和區立人街2號,02-2544-4656,低風險,16,查核師生比是否符合法定標準（幼幼班 1:8、大中小班 1:15）。；核對現場教保服務人員之教師證、教保員資格備查冊。
ntpc-pre-0306,新北市中和區積穗國民小學附設幼兒園,中和區,公立學校附設幼兒園,130,新北市中和區員山路154號,02-2278-6948,低風險,18,查核師生比是否符合法定標準（幼幼班 1:8、大中小班 1:15）。；核對現場教保服務人員之教師證、教保員資格備查冊。
ntpc-pre-0305,新北市中和區自強國民小學附設幼兒園,中和區,公立學校附設幼兒園,167,新北市中和區莒光路190號,02-2800-7153,低風險,36,查核師生比是否符合法定標準（幼幼班 1:8、大中小班 1:15）。；核對現場教保服務人員之教師證、教保員資格備查冊。
ntpc-pre-0308,新北市中和區興南國民小學附設幼兒園,中和區,公立學校附設幼兒園,142,新北市中和區興南路一段135巷24號,02-2344-3997,高風險,86,查核師生比是否符合法定標準（幼幼班 1:8、大中小班 1:15）。；核對現場教保服務人員之教師證、教保員資格備查冊。
ntpc-pre-0310,新北市中和區錦和國民小學附設幼兒園,中和區,公立學校附設幼兒園,174,新北市中和區圓通路292號,02-2907-2147,低風險,28,查核師生比是否符合法定標準（幼幼班 1:8、大中小班 1:15）。；核對現場教保服務人員之教師證、教保員資格備查冊。
ntpc-hs-0010,新北市私立南山高級中學,中和區,私立高中,2800,新北市中和區廣福路41號,02-2591-4106,低風險,15,中央廚房食材登錄平台每日食材驗收與溯源登錄稽查。；校舍樓梯走廊防墜設施、消防設備檢修合格證在效期內。
ntpc-hs-0011,新北市私立竹林高級中學,中和區,私立高中,1500,新北市中和區華新街143巷35號,02-2596-9334,低風險,31,中央廚房食材登錄平台每日食材驗收與溯源登錄稽查。；校舍樓梯走廊防墜設施、消防設備檢修合格證在效期內。
ntpc-jh-0060,新北市立中和國民中學,中和區,市立國中,1650,新北市中和區興南路二段3巷17號,02-2873-5912,高風險,86,中央廚房食材登錄平台每日食材驗收與溯源登錄稽查。；校舍樓梯走廊防墜設施、消防設備檢修合格證在效期內。
ntpc-el-0138,新北市立中和國民小學,中和區,市立國小,2100,新北市中和區中和路100號,02-2319-6789,低風險,16,中央廚房食材登錄平台每日食材驗收與溯源登錄稽查。；校舍樓梯走廊防墜設施、消防設備檢修合格證在效期內。
ntpc-pre-0442,新北市立中和幼兒園,中和區,市立幼兒園,190,新北市中和區中和路100號,02-2886-7266,中風險,52,查核師生比是否符合法定標準（幼幼班 1:8、大中小班 1:15）。；核對現場教保服務人員之教師證、教保員資格備查冊。
ntpc-hs-0008,新北市立中和高級中學,中和區,市立高中,2150,新北市中和區連城路560號,02-2577-4360,中風險,61,中央廚房食材登錄平台每日食材驗收與溯源登錄稽查。；校舍樓梯走廊防墜設施、消防設備檢修合格證在效期內。
ntpc-el-0140,新北市立光復國民小學,中和區,市立國小,1850,新北市中和區光環路二段1號,02-2924-7436,低風險,30,中央廚房食材登錄平台每日食材驗收與溯源登錄稽查。；校舍樓梯走廊防墜設施、消防設備檢修合格證在效期內。
ntpc-el-0145,新北市立復興國民小學,中和區,市立國小,1550,新北市中和區復興路260號,02-2299-3643,中風險,55,中央廚房食材登錄平台每日食材驗收與溯源登錄稽查。；校舍樓梯走廊防墜設施、消防設備檢修合格證在效期內。
ntpc-el-0143,新北市立景新國民小學,中和區,市立國小,1650,新北市中和區景新街467巷37號,02-2515-9625,低風險,27,中央廚房食材登錄平台每日食材驗收與溯源登錄稽查。；校舍樓梯走廊防墜設施、消防設備檢修合格證在效期內。
ntpc-jh-0062,新北市立漳和國民中學,中和區,市立國中,1400,新北市中和區廣福路39號,02-2206-2642,低風險,28,中央廚房食材登錄平台每日食材驗收與溯源登錄稽查。；校舍樓梯走廊防墜設施、消防設備檢修合格證在效期內。
ntpc-el-0139,新北市立秀山國民小學,中和區,市立國小,2400,新北市中和區立人街2號,02-2518-9911,低風險,23,中央廚房食材登錄平台每日食材驗收與溯源登錄稽查。；校舍樓梯走廊防墜設施、消防設備檢修合格證在效期內。
ntpc-jh-0059,新北市立積穗國民中學,中和區,市立國中,1500,新北市中和區民安街153號,02-2604-8003,低風險,25,中央廚房食材登錄平台每日食材驗收與溯源登錄稽查。；校舍樓梯走廊防墜設施、消防設備檢修合格證在效期內。
ntpc-el-0142,新北市立積穗國民小學,中和區,市立國小,1950,新北市中和區員山路154號,02-2882-1598,低風險,17,中央廚房食材登錄平台每日食材驗收與溯源登錄稽查。；校舍樓梯走廊防墜設施、消防設備檢修合格證在效期內。
ntpc-jh-0061,新北市立自強國民中學,中和區,市立國中,1350,新北市中和區莒光路200號,02-2973-7640,低風險,23,中央廚房食材登錄平台每日食材驗收與溯源登錄稽查。；校舍樓梯走廊防墜設施、消防設備檢修合格證在效期內。
ntpc-el-0141,新北市立自強國民小學,中和區,市立國小,1750,新北市中和區莒光路190號,02-2833-9210,低風險,18,中央廚房食材登錄平台每日食材驗收與溯源登錄稽查。；校舍樓梯走廊防墜設施、消防設備檢修合格證在效期內。
ntpc-el-0144,新北市立興南國民小學,中和區,市立國小,1700,新北市中和區興南路一段135巷24號,02-2999-8851,中風險,63,中央廚房食材登錄平台每日食材驗收與溯源登錄稽查。；校舍樓梯走廊防墜設施、消防設備檢修合格證在效期內。
ntpc-el-0146,新北市立錦和國民小學,中和區,市立國小,1600,新北市中和區圓通路292號,02-2876-2009,低風險,29,中央廚房食材登錄平台每日食材驗收與溯源登錄稽查。；校舍樓梯走廊防墜設施、消防設備檢修合格證在效期內。
ntpc-hs-0009,新北市立錦和高級中學,中和區,市立高中,1950,新北市中和區錦和路163號,02-2507-4215,低風險,28,中央廚房食材登錄平台每日食材驗收與溯源登錄稽查。；校舍樓梯走廊防墜設施、消防設備檢修合格證在效期內。
ntpc-pre-0398,新北市五股區五股國民小學附設幼兒園,五股區,公立學校附設幼兒園,193,新北市五股區成泰路二段49號,02-2353-8580,低風險,31,查核師生比是否符合法定標準（幼幼班 1:8、大中小班 1:15）。；核對現場教保服務人員之教師證、教保員資格備查冊。
ntpc-pre-0399,新北市五股區德音國民小學附設幼兒園,五股區,公立學校附設幼兒園,178,新北市五股區明德路2號,02-2930-2665,高風險,77,查核師生比是否符合法定標準（幼幼班 1:8、大中小班 1:15）。；核對現場教保服務人員之教師證、教保員資格備查冊。
ntpc-pre-0400,新北市五股區成州國民小學附設幼兒園,五股區,公立學校附設幼兒園,191,新北市五股區成泰路三段493號,02-2846-6775,低風險,18,查核師生比是否符合法定標準（幼幼班 1:8、大中小班 1:15）。；核對現場教保服務人員之教師證、教保員資格備查冊。
ntpc-pre-0401,新北市五股區更寮國民小學附設幼兒園,五股區,公立學校附設幼兒園,161,新北市五股區四維路2號,02-2476-5919,低風險,32,查核師生比是否符合法定標準（幼幼班 1:8、大中小班 1:15）。；核對現場教保服務人員之教師證、教保員資格備查冊。
ntpc-jh-0097,新北市立五股國民中學,五股區,市立國中,1300,新北市五股區成泰路二段98號,02-2408-7394,低風險,34,中央廚房食材登錄平台每日食材驗收與溯源登錄稽查。；校舍樓梯走廊防墜設施、消防設備檢修合格證在效期內。
ntpc-el-0234,新北市立五股國民小學,五股區,市立國小,1950,新北市五股區成泰路二段49號,02-2322-3154,低風險,26,中央廚房食材登錄平台每日食材驗收與溯源登錄稽查。；校舍樓梯走廊防墜設施、消防設備檢修合格證在效期內。
ntpc-el-0235,新北市立德音國民小學,五股區,市立國小,1800,新北市五股區明德路2號,02-2900-4715,低風險,33,中央廚房食材登錄平台每日食材驗收與溯源登錄稽查。；校舍樓梯走廊防墜設施、消防設備檢修合格證在效期內。
ntpc-el-0236,新北市立成州國民小學,五股區,市立國小,1650,新北市五股區成泰路三段493號,02-2559-8302,低風險,24,中央廚房食材登錄平台每日食材驗收與溯源登錄稽查。；校舍樓梯走廊防墜設施、消防設備檢修合格證在效期內。
ntpc-el-0237,新北市立更寮國民小學,五股區,市立國小,1350,新北市五股區四維路2號,02-2562-3232,低風險,24,中央廚房食材登錄平台每日食材驗收與溯源登錄稽查。；校舍樓梯走廊防墜設施、消防設備檢修合格證在效期內。
ntpc-pre-0406,新北市八里區八里國民小學附設幼兒園,八里區,公立學校附設幼兒園,155,新北市八里區中山路二段338號,02-2371-9762,低風險,24,查核師生比是否符合法定標準（幼幼班 1:8、大中小班 1:15）。；核對現場教保服務人員之教師證、教保員資格備查冊。
ntpc-pre-0408,新北市八里區大崁國民小學附設幼兒園,八里區,公立學校附設幼兒園,93,新北市八里區忠四街2號,02-2352-3465,低風險,24,查核師生比是否符合法定標準（幼幼班 1:8、大中小班 1:15）。；核對現場教保服務人員之教師證、教保員資格備查冊。
ntpc-pre-0407,新北市八里區米倉國民小學附設幼兒園,八里區,公立學校附設幼兒園,101,新北市八里區龍米路二段129號,02-2906-2247,高風險,84,查核師生比是否符合法定標準（幼幼班 1:8、大中小班 1:15）。；核對現場教保服務人員之教師證、教保員資格備查冊。
ntpc-pre-0409,新北市八里區長坑國民小學附設幼兒園,八里區,公立學校附設幼兒園,169,新北市八里區長坑里6鄰28號,02-2711-9679,低風險,20,查核師生比是否符合法定標準（幼幼班 1:8、大中小班 1:15）。；核對現場教保服務人員之教師證、教保員資格備查冊。
ntpc-hs-0063,新北市私立聖心女子高級中學,八里區,私立高中,950,新北市八里區龍米路一段263號,02-2618-2287,低風險,22,天主教修會完全中學全人品格教育與性別友善校園落實。；臨淡水河畔校舍邊坡水土保持與防汛防災措施檢查。
ntpc-jh-0100,新北市立八里國民中學,八里區,市立國中,850,新北市八里區荖阡坑路34號,02-2687-9312,低風險,15,中央廚房食材登錄平台每日食材驗收與溯源登錄稽查。；校舍樓梯走廊防墜設施、消防設備檢修合格證在效期內。
ntpc-el-0242,新北市立八里國民小學,八里區,市立國小,1450,新北市八里區中山路二段338號,02-2439-2602,低風險,15,中央廚房食材登錄平台每日食材驗收與溯源登錄稽查。；校舍樓梯走廊防墜設施、消防設備檢修合格證在效期內。
ntpc-el-0244,新北市立大崁國民小學,八里區,市立國小,1200,新北市八里區忠四街2號,02-2881-9035,低風險,36,中央廚房食材登錄平台每日食材驗收與溯源登錄稽查。；校舍樓梯走廊防墜設施、消防設備檢修合格證在效期內。
ntpc-el-0243,新北市立米倉國民小學,八里區,市立國小,1350,新北市八里區龍米路二段129號,02-2320-8766,低風險,33,中央廚房食材登錄平台每日食材驗收與溯源登錄稽查。；校舍樓梯走廊防墜設施、消防設備檢修合格證在效期內。
ntpc-el-0245,新北市立長坑國民小學,八里區,市立國小,600,新北市八里區長坑里6鄰28號,02-2814-6747,低風險,16,中央廚房食材登錄平台每日食材驗收與溯源登錄稽查。；校舍樓梯走廊防墜設施、消防設備檢修合格證在效期內。
ntpc-pre-0337,新北市土城區土城國民小學附設幼兒園,土城區,公立學校附設幼兒園,126,新北市土城區興城路17號,02-2813-8863,低風險,26,查核師生比是否符合法定標準（幼幼班 1:8、大中小班 1:15）。；核對現場教保服務人員之教師證、教保員資格備查冊。
ntpc-pre-0342,新北市土城區安和國民小學附設幼兒園,土城區,公立學校附設幼兒園,138,新北市土城區延和路88號,02-2632-7890,低風險,17,查核師生比是否符合法定標準（幼幼班 1:8、大中小班 1:15）。；核對現場教保服務人員之教師證、教保員資格備查冊。
ntpc-pre-0339,新北市土城區廣福國民小學附設幼兒園,土城區,公立學校附設幼兒園,176,新北市土城區學府路一段127號,02-2356-7008,低風險,34,查核師生比是否符合法定標準（幼幼班 1:8、大中小班 1:15）。；核對現場教保服務人員之教師證、教保員資格備查冊。
ntpc-pre-0338,新北市土城區樂利國民小學附設幼兒園,土城區,公立學校附設幼兒園,134,新北市土城區裕民路85號,02-2778-3644,中風險,57,查核師生比是否符合法定標準（幼幼班 1:8、大中小班 1:15）。；核對現場教保服務人員之教師證、教保員資格備查冊。
ntpc-pre-0341,新北市土城區清水國民小學附設幼兒園,土城區,公立學校附設幼兒園,190,新北市土城區金城路二段356號,02-2481-4956,低風險,36,查核師生比是否符合法定標準（幼幼班 1:8、大中小班 1:15）。；核對現場教保服務人員之教師證、教保員資格備查冊。
ntpc-pre-0340,新北市土城區頂埔國民小學附設幼兒園,土城區,公立學校附設幼兒園,194,新北市土城區中央路四段205號,02-2848-3342,低風險,16,查核師生比是否符合法定標準（幼幼班 1:8、大中小班 1:15）。；核對現場教保服務人員之教師證、教保員資格備查冊。
ntpc-pre-0468,新北市土城清水非營利幼兒園,土城區,非營利幼兒園,130,新北市土城區明德路一段72號,02-2634-8913,低風險,27,查核師生比是否符合法定標準（幼幼班 1:8、大中小班 1:15）。；核對現場教保服務人員之教師證、教保員資格備查冊。
ntpc-pre-0453,新北市私立裕德雙語幼兒園土城校,土城區,私立幼兒園,200,新北市土城區擺接堡路1號,02-2296-1928,低風險,15,查核師生比是否符合法定標準（幼幼班 1:8、大中小班 1:15）。；核對現場教保服務人員之教師證、教保員資格備查冊。
ntpc-hs-0028,新北市私立裕德高級中等學校,土城區,私立高中,1600,新北市土城區擺接堡路1號,02-2959-7758,低風險,24,中央廚房食材登錄平台每日食材驗收與溯源登錄稽查。；校舍樓梯走廊防墜設施、消防設備檢修合格證在效期內。
ntpc-jh-0077,新北市立中正國民中學,土城區,市立國中,1850,新北市土城區金城路二段247號,02-2320-5534,中風險,56,中央廚房食材登錄平台每日食材驗收與溯源登錄稽查。；校舍樓梯走廊防墜設施、消防設備檢修合格證在效期內。
ntpc-jh-0076,新北市立土城國民中學,土城區,市立國中,1650,新北市土城區永寧路18號,02-2803-3001,低風險,28,中央廚房食材登錄平台每日食材驗收與溯源登錄稽查。；校舍樓梯走廊防墜設施、消防設備檢修合格證在效期內。
ntpc-el-0173,新北市立土城國民小學,土城區,市立國小,1950,新北市土城區興城路17號,02-2417-9631,低風險,27,中央廚房食材登錄平台每日食材驗收與溯源登錄稽查。；校舍樓梯走廊防墜設施、消防設備檢修合格證在效期內。
ntpc-pre-0446,新北市立土城幼兒園,土城區,市立幼兒園,170,新北市土城區興城路17號,02-2910-1861,低風險,21,查核師生比是否符合法定標準（幼幼班 1:8、大中小班 1:15）。；核對現場教保服務人員之教師證、教保員資格備查冊。
ntpc-el-0178,新北市立安和國民小學,土城區,市立國小,1900,新北市土城區延和路88號,02-2622-5669,低風險,36,中央廚房食材登錄平台每日食材驗收與溯源登錄稽查。；校舍樓梯走廊防墜設施、消防設備檢修合格證在效期內。
ntpc-el-0175,新北市立廣福國民小學,土城區,市立國小,2450,新北市土城區學府路一段127號,02-2422-5003,低風險,16,中央廚房食材登錄平台每日食材驗收與溯源登錄稽查。；校舍樓梯走廊防墜設施、消防設備檢修合格證在效期內。
ntpc-hs-0026,新北市立新北高級工業職業學校,土城區,市立高職,2600,新北市土城區學府路一段241號,02-2324-2347,低風險,25,中央廚房食材登錄平台每日食材驗收與溯源登錄稽查。；校舍樓梯走廊防墜設施、消防設備檢修合格證在效期內。
ntpc-el-0174,新北市立樂利國民小學,土城區,市立國小,2200,新北市土城區裕民路85號,02-2849-8481,低風險,32,中央廚房食材登錄平台每日食材驗收與溯源登錄稽查。；校舍樓梯走廊防墜設施、消防設備檢修合格證在效期內。
ntpc-el-0177,新北市立清水國民小學,土城區,市立國小,2100,新北市土城區金城路二段356號,02-2689-2194,低風險,15,中央廚房食材登錄平台每日食材驗收與溯源登錄稽查。；校舍樓梯走廊防墜設施、消防設備檢修合格證在效期內。
ntpc-hs-0027,新北市立清水高級中學,土城區,市立高中,1950,新北市土城區明德路一段72號,02-2271-4196,中風險,62,中央廚房食材登錄平台每日食材驗收與溯源登錄稽查。；校舍樓梯走廊防墜設施、消防設備檢修合格證在效期內。
ntpc-el-0176,新北市立頂埔國民小學,土城區,市立國小,1600,新北市土城區中央路四段205號,02-2492-6584,中風險,62,中央廚房食材登錄平台每日食材驗收與溯源登錄稽查。；校舍樓梯走廊防墜設施、消防設備檢修合格證在效期內。
ntpc-pre-0429,新北市坪林區坪林國民小學附設幼兒園,坪林區,公立學校附設幼兒園,93,新北市坪林區坪林街114號,02-2441-8976,低風險,35,查核師生比是否符合法定標準（幼幼班 1:8、大中小班 1:15）。；核對現場教保服務人員之教師證、教保員資格備查冊。
ntpc-jh-0074,新北市立坪林國民中學,坪林區,市立國中,400,新北市坪林區坪林街114號,02-2430-6591,低風險,32,中央廚房食材登錄平台每日食材驗收與溯源登錄稽查。；校舍樓梯走廊防墜設施、消防設備檢修合格證在效期內。
ntpc-el-0265,新北市立坪林國民小學,坪林區,市立國小,1000,新北市坪林區坪林街114號,02-2829-9194,低風險,25,中央廚房食材登錄平台每日食材驗收與溯源登錄稽查。；校舍樓梯走廊防墜設施、消防設備檢修合格證在效期內。
ntpc-pre-0431,新北市平溪區十分國民小學附設幼兒園,平溪區,公立學校附設幼兒園,131,新北市平溪區十分街1號,02-2344-2131,低風險,26,查核師生比是否符合法定標準（幼幼班 1:8、大中小班 1:15）。；核對現場教保服務人員之教師證、教保員資格備查冊。
ntpc-pre-0430,新北市平溪區平溪國民小學附設幼兒園,平溪區,公立學校附設幼兒園,143,新北市平溪區平溪街1號,02-2231-8814,低風險,30,查核師生比是否符合法定標準（幼幼班 1:8、大中小班 1:15）。；核對現場教保服務人員之教師證、教保員資格備查冊。
ntpc-pre-0432,新北市平溪區菁桐國民小學附設幼兒園,平溪區,公立學校附設幼兒園,208,新北市平溪區菁桐街45號,02-2877-4154,低風險,32,查核師生比是否符合法定標準（幼幼班 1:8、大中小班 1:15）。；核對現場教保服務人員之教師證、教保員資格備查冊。
ntpc-el-0267,新北市立十分國民小學,平溪區,市立國小,550,新北市平溪區十分街1號,02-2444-7719,低風險,22,中央廚房食材登錄平台每日食材驗收與溯源登錄稽查。；校舍樓梯走廊防墜設施、消防設備檢修合格證在效期內。
ntpc-jh-0111,新北市立平溪國民中學,平溪區,市立國中,250,新北市平溪區石底街92號,02-2722-3794,低風險,32,中央廚房食材登錄平台每日食材驗收與溯源登錄稽查。；校舍樓梯走廊防墜設施、消防設備檢修合格證在效期內。
ntpc-el-0266,新北市立平溪國民小學,平溪區,市立國小,600,新北市平溪區平溪街1號,02-2367-1411,低風險,34,中央廚房食材登錄平台每日食材驗收與溯源登錄稽查。；校舍樓梯走廊防墜設施、消防設備檢修合格證在效期內。
ntpc-el-0268,新北市立菁桐國民小學,平溪區,市立國小,500,新北市平溪區菁桐街45號,02-2383-8277,低風險,35,中央廚房食材登錄平台每日食材驗收與溯源登錄稽查。；校舍樓梯走廊防墜設施、消防設備檢修合格證在效期內。
ntpc-pre-0467,新北市新店北新非營利幼兒園,新店區,非營利幼兒園,130,新北市新店區寶橋路10號,02-2602-2435,低風險,35,查核師生比是否符合法定標準（幼幼班 1:8、大中小班 1:15）。；核對現場教保服務人員之教師證、教保員資格備查冊。
ntpc-pre-0335,新北市新店區中城國民小學附設幼兒園,新店區,公立學校附設幼兒園,132,新北市新店區中城路23號,02-2324-3772,中風險,50,查核師生比是否符合法定標準（幼幼班 1:8、大中小班 1:15）。；核對現場教保服務人員之教師證、教保員資格備查冊。
ntpc-pre-0329,新北市新店區北新國民小學附設幼兒園,新店區,公立學校附設幼兒園,166,新北市新店區寶橋路8號,02-2876-3724,中風險,61,查核師生比是否符合法定標準（幼幼班 1:8、大中小班 1:15）。；核對現場教保服務人員之教師證、教保員資格備查冊。
ntpc-pre-0330,新北市新店區大豐國民小學附設幼兒園,新店區,公立學校附設幼兒園,132,新北市新店區民族路108號,02-2479-6195,低風險,23,查核師生比是否符合法定標準（幼幼班 1:8、大中小班 1:15）。；核對現場教保服務人員之教師證、教保員資格備查冊。
ntpc-pre-0331,新北市新店區安坑國民小學附設幼兒園,新店區,公立學校附設幼兒園,208,新北市新店區安康路二段120號,02-2410-8305,中風險,57,查核師生比是否符合法定標準（幼幼班 1:8、大中小班 1:15）。；核對現場教保服務人員之教師證、教保員資格備查冊。
ntpc-pre-0334,新北市新店區屈尺國民小學附設幼兒園,新店區,公立學校附設幼兒園,90,新北市新店區屈尺路55號,02-2283-6886,低風險,15,查核師生比是否符合法定標準（幼幼班 1:8、大中小班 1:15）。；核對現場教保服務人員之教師證、教保員資格備查冊。
ntpc-pre-0328,新北市新店區新店國民小學附設幼兒園,新店區,公立學校附設幼兒園,208,新北市新店區新店路2號,02-2750-6982,低風險,22,查核師生比是否符合法定標準（幼幼班 1:8、大中小班 1:15）。；核對現場教保服務人員之教師證、教保員資格備查冊。
ntpc-pre-0336,新北市新店區直潭國民小學附設幼兒園,新店區,公立學校附設幼兒園,179,新北市新店區直潭路92號,02-2836-3311,低風險,20,查核師生比是否符合法定標準（幼幼班 1:8、大中小班 1:15）。；核對現場教保服務人員之教師證、教保員資格備查冊。
ntpc-pre-0333,新北市新店區雙峰國民小學附設幼兒園,新店區,公立學校附設幼兒園,163,新北市新店區北宜路三段66號,02-2486-7497,低風險,35,查核師生比是否符合法定標準（幼幼班 1:8、大中小班 1:15）。；核對現場教保服務人員之教師證、教保員資格備查冊。
ntpc-pre-0332,新北市新店區青潭國民小學附設幼兒園,新店區,公立學校附設幼兒園,99,新北市新店區北宜路二段82號,02-2773-7398,低風險,19,查核師生比是否符合法定標準（幼幼班 1:8、大中小班 1:15）。；核對現場教保服務人員之教師證、教保員資格備查冊。
ntpc-hs-0061,新北市私立南強高級工商職業學校,新店區,私立高職,1500,新北市新店區文化路42號,02-2915-5144,中風險,45,表演藝術與影視攝影棚用電安全及消防防護檢查。；汽車修護實習工場廢油處置、防火設施與工安標準作業規範。
ntpc-hs-0023,新北市私立及人高級中學,新店區,私立高中,1100,新北市新店區安興路1號,02-2423-4922,低風險,33,中央廚房食材登錄平台每日食材驗收與溯源登錄稽查。；校舍樓梯走廊防墜設施、消防設備檢修合格證在效期內。
ntpc-hs-0024,新北市私立崇光高級中學,新店區,私立高中,1600,新北市新店區三民路19號,02-2821-7123,低風險,34,中央廚房食材登錄平台每日食材驗收與溯源登錄稽查。；校舍樓梯走廊防墜設施、消防設備檢修合格證在效期內。
ntpc-pre-0451,新北市私立康橋國際學校附設幼兒園青山校區,新店區,私立幼兒園,260,新北市新店區頂城五街80號,02-2727-9058,低風險,24,查核師生比是否符合法定標準（幼幼班 1:8、大中小班 1:15）。；核對現場教保服務人員之教師證、教保員資格備查冊。
ntpc-pre-0452,新北市私立康橋幼兒園康軒校區,新店區,私立幼兒園,200,新北市新店區中興路二段218巷11號,02-2338-2414,低風險,28,查核師生比是否符合法定標準（幼幼班 1:8、大中小班 1:15）。；核對現場教保服務人員之教師證、教保員資格備查冊。
ntpc-hs-0022,新北市私立康橋高級中學,新店區,私立高中,1800,新北市新店區華城路800號,02-2282-1529,高風險,82,中央廚房食材登錄平台每日食材驗收與溯源登錄稽查。；校舍樓梯走廊防墜設施、消防設備檢修合格證在效期內。
ntpc-hs-0025,新北市私立能仁高級家事商業職業學校,新店區,私立高職,1700,新北市新店區文中路53巷10號,02-2755-3562,低風險,35,中央廚房食材登錄平台每日食材驗收與溯源登錄稽查。；校舍樓梯走廊防墜設施、消防設備檢修合格證在效期內。
ntpc-hs-0052,新北市私立莊敬高級工業家事職業學校,新店區,私立高職,3500,新北市新店區民生路45號,02-2218-8956,中風險,58,實習合約保障與學生實習權益定期審查。；校車接駁車輛公安檢驗合格證明。
ntpc-hs-0058,新北市私立開明高級工業商業職業學校,新店區,私立高職,800,新北市新店區寶強路7號,02-2911-5586,中風險,62,轉型與校產清算監管審核。；實習工場與校舍公安巡檢。
ntpc-el-0171,新北市立中城國民小學,新店區,市立國小,1100,新北市新店區中城路23號,02-2538-9054,低風險,24,中央廚房食材登錄平台每日食材驗收與溯源登錄稽查。；校舍樓梯走廊防墜設施、消防設備檢修合格證在效期內。
ntpc-jh-0072,新北市立五峰國民中學,新店區,市立國中,1750,新北市新店區北新路一段88巷1號,02-2467-6662,低風險,19,中央廚房食材登錄平台每日食材驗收與溯源登錄稽查。；校舍樓梯走廊防墜設施、消防設備檢修合格證在效期內。
ntpc-el-0165,新北市立北新國民小學,新店區,市立國小,2500,新北市新店區寶橋路8號,02-2452-6978,低風險,35,中央廚房食材登錄平台每日食材驗收與溯源登錄稽查。；校舍樓梯走廊防墜設施、消防設備檢修合格證在效期內。
ntpc-el-0166,新北市立大豐國民小學,新店區,市立國小,2300,新北市新店區民族路108號,02-2757-8776,低風險,30,中央廚房食材登錄平台每日食材驗收與溯源登錄稽查。；校舍樓梯走廊防墜設施、消防設備檢修合格證在效期內。
ntpc-el-0167,新北市立安坑國民小學,新店區,市立國小,2050,新北市新店區安康路二段120號,02-2461-4741,低風險,17,中央廚房食材登錄平台每日食材驗收與溯源登錄稽查。；校舍樓梯走廊防墜設施、消防設備檢修合格證在效期內。
ntpc-hs-0021,新北市立安康高級中學,新店區,市立高中,1750,新北市新店區安康路二段169號,02-2423-5964,低風險,28,中央廚房食材登錄平台每日食材驗收與溯源登錄稽查。；校舍樓梯走廊防墜設施、消防設備檢修合格證在效期內。
ntpc-el-0170,新北市立屈尺國民小學,新店區,市立國小,800,新北市新店區屈尺路55號,02-2543-9747,中風險,61,中央廚房食材登錄平台每日食材驗收與溯源登錄稽查。；校舍樓梯走廊防墜設施、消防設備檢修合格證在效期內。
ntpc-jh-0071,新北市立文山國民中學,新店區,市立國中,1500,新北市新店區文中路38號,02-2862-2748,低風險,29,中央廚房食材登錄平台每日食材驗收與溯源登錄稽查。；校舍樓梯走廊防墜設施、消防設備檢修合格證在效期內。
ntpc-el-0164,新北市立新店國民小學,新店區,市立國小,1750,新北市新店區新店路2號,02-2287-8367,高風險,80,中央廚房食材登錄平台每日食材驗收與溯源登錄稽查。；校舍樓梯走廊防墜設施、消防設備檢修合格證在效期內。
ntpc-pre-0444,新北市立新店幼兒園,新店區,市立幼兒園,180,新北市新店區北新路一段88巷1號,02-2330-1492,低風險,15,查核師生比是否符合法定標準（幼幼班 1:8、大中小班 1:15）。；核對現場教保服務人員之教師證、教保員資格備查冊。
ntpc-hs-0020,新北市立新店高級中學,新店區,市立高中,2050,新北市新店區二十張路2號,02-2663-3343,低風險,36,中央廚房食材登錄平台每日食材驗收與溯源登錄稽查。；校舍樓梯走廊防墜設施、消防設備檢修合格證在效期內。
ntpc-el-0172,新北市立直潭國民小學,新店區,市立國小,850,新北市新店區直潭路92號,02-2611-1613,低風險,36,中央廚房食材登錄平台每日食材驗收與溯源登錄稽查。；校舍樓梯走廊防墜設施、消防設備檢修合格證在效期內。
ntpc-jh-0073,新北市立達觀國民中小學,新店區,市立國中,950,新北市新店區車子路150號,02-2629-1080,低風險,34,中央廚房食材登錄平台每日食材驗收與溯源登錄稽查。；校舍樓梯走廊防墜設施、消防設備檢修合格證在效期內。
ntpc-el-0169,新北市立雙峰國民小學,新店區,市立國小,950,新北市新店區北宜路三段66號,02-2544-2440,低風險,26,中央廚房食材登錄平台每日食材驗收與溯源登錄稽查。；校舍樓梯走廊防墜設施、消防設備檢修合格證在效期內。
ntpc-el-0168,新北市立青潭國民小學,新店區,市立國小,1300,新北市新店區北宜路二段82號,02-2944-4425,低風險,30,中央廚房食材登錄平台每日食材驗收與溯源登錄稽查。；校舍樓梯走廊防墜設施、消防設備檢修合格證在效期內。
ntpc-pre-0298,新北市新莊區中港國民小學附設幼兒園,新莊區,公立學校附設幼兒園,182,新北市新莊區中港一街142號,02-2363-7111,高風險,76,查核師生比是否符合法定標準（幼幼班 1:8、大中小班 1:15）。；核對現場教保服務人員之教師證、教保員資格備查冊。
ntpc-pre-0291,新北市新莊區光華國民小學附設幼兒園,新莊區,公立學校附設幼兒園,165,新北市新莊區龍安路452號,02-2691-8048,低風險,22,查核師生比是否符合法定標準（幼幼班 1:8、大中小班 1:15）。；核對現場教保服務人員之教師證、教保員資格備查冊。
ntpc-pre-0297,新北市新莊區國泰國民小學附設幼兒園,新莊區,公立學校附設幼兒園,103,新北市新莊區中正路386號,02-2444-2652,低風險,15,查核師生比是否符合法定標準（幼幼班 1:8、大中小班 1:15）。；核對現場教保服務人員之教師證、教保員資格備查冊。
ntpc-pre-0295,新北市新莊區思賢國民小學附設幼兒園,新莊區,公立學校附設幼兒園,114,新北市新莊區自立街229號,02-2686-2143,中風險,48,查核師生比是否符合法定標準（幼幼班 1:8、大中小班 1:15）。；核對現場教保服務人員之教師證、教保員資格備查冊。
ntpc-pre-0290,新北市新莊區新莊國民小學附設幼兒園,新莊區,公立學校附設幼兒園,193,新北市新莊區中正路86號,02-2303-3535,低風險,25,查核師生比是否符合法定標準（幼幼班 1:8、大中小班 1:15）。；核對現場教保服務人員之教師證、教保員資格備查冊。
ntpc-pre-0292,新北市新莊區昌平國民小學附設幼兒園,新莊區,公立學校附設幼兒園,91,新北市新莊區昌平街200號,02-2433-1156,低風險,19,查核師生比是否符合法定標準（幼幼班 1:8、大中小班 1:15）。；核對現場教保服務人員之教師證、教保員資格備查冊。
ntpc-pre-0300,新北市新莊區昌隆國民小學附設幼兒園,新莊區,公立學校附設幼兒園,170,新北市新莊區昌隆街63號,02-2420-2902,低風險,31,查核師生比是否符合法定標準（幼幼班 1:8、大中小班 1:15）。；核對現場教保服務人員之教師證、教保員資格備查冊。
ntpc-pre-0293,新北市新莊區榮富國民小學附設幼兒園,新莊區,公立學校附設幼兒園,193,新北市新莊區中和街193號,02-2631-9391,中風險,54,查核師生比是否符合法定標準（幼幼班 1:8、大中小班 1:15）。；核對現場教保服務人員之教師證、教保員資格備查冊。
ntpc-pre-0294,新北市新莊區民安國民小學附設幼兒園,新莊區,公立學校附設幼兒園,113,新北市新莊區民安路99號,02-2883-8371,低風險,34,查核師生比是否符合法定標準（幼幼班 1:8、大中小班 1:15）。；核對現場教保服務人員之教師證、教保員資格備查冊。
ntpc-pre-0296,新北市新莊區裕民國民小學附設幼兒園,新莊區,公立學校附設幼兒園,148,新北市新莊區裕民街123號,02-2925-3702,低風險,36,查核師生比是否符合法定標準（幼幼班 1:8、大中小班 1:15）。；核對現場教保服務人員之教師證、教保員資格備查冊。
ntpc-pre-0301,新北市新莊區豐年國民小學附設幼兒園,新莊區,公立學校附設幼兒園,105,新北市新莊區瓊泰路116號,02-2280-3991,低風險,22,查核師生比是否符合法定標準（幼幼班 1:8、大中小班 1:15）。；核對現場教保服務人員之教師證、教保員資格備查冊。
ntpc-pre-0299,新北市新莊區頭前國民小學附設幼兒園,新莊區,公立學校附設幼兒園,191,新北市新莊區化成路231號,02-2637-1587,低風險,29,查核師生比是否符合法定標準（幼幼班 1:8、大中小班 1:15）。；核對現場教保服務人員之教師證、教保員資格備查冊。
ntpc-pre-0465,新北市新莊頭前非營利幼兒園,新莊區,非營利幼兒園,135,新北市新莊區中原東路197號,02-2457-6790,低風險,30,查核師生比是否符合法定標準（幼幼班 1:8、大中小班 1:15）。；核對現場教保服務人員之教師證、教保員資格備查冊。
ntpc-pre-0459,新北市私立夏恩幼兒園新莊校,新莊區,私立幼兒園,140,新北市新莊區中平路377巷1號,02-2572-5178,低風險,32,查核師生比是否符合法定標準（幼幼班 1:8、大中小班 1:15）。；核對現場教保服務人員之教師證、教保員資格備查冊。
ntpc-pre-0460,新北市私立奇異鳥幼兒園新莊校,新莊區,私立幼兒園,150,新北市新莊區立信三街12號,02-2284-6005,低風險,31,查核師生比是否符合法定標準（幼幼班 1:8、大中小班 1:15）。；核對現場教保服務人員之教師證、教保員資格備查冊。
ntpc-hs-0007,新北市私立恆毅高級中學,新莊區,私立高中,1600,新北市新莊區中正路108號,02-2648-6131,中風險,53,中央廚房食材登錄平台每日食材驗收與溯源登錄稽查。；校舍樓梯走廊防墜設施、消防設備檢修合格證在效期內。
ntpc-jh-0058,新北市立中平國民中學,新莊區,市立國中,1600,新北市新莊區中平路385號,02-2946-9713,低風險,28,中央廚房食材登錄平台每日食材驗收與溯源登錄稽查。；校舍樓梯走廊防墜設施、消防設備檢修合格證在效期內。
ntpc-el-0134,新北市立中港國民小學,新莊區,市立國小,1850,新北市新莊區中港一街142號,02-2748-4828,低風險,30,中央廚房食材登錄平台每日食材驗收與溯源登錄稽查。；校舍樓梯走廊防墜設施、消防設備檢修合格證在效期內。
ntpc-hs-0006,新北市立丹鳳高級中學,新莊區,市立高中,1850,新北市新莊區溫州街110號,02-2361-1300,低風險,23,中央廚房食材登錄平台每日食材驗收與溯源登錄稽查。；校舍樓梯走廊防墜設施、消防設備檢修合格證在效期內。
ntpc-el-0127,新北市立光華國民小學,新莊區,市立國小,2700,新北市新莊區龍安路452號,02-2582-1459,低風險,30,中央廚房食材登錄平台每日食材驗收與溯源登錄稽查。；校舍樓梯走廊防墜設施、消防設備檢修合格證在效期內。
ntpc-el-0133,新北市立國泰國民小學,新莊區,市立國小,1600,新北市新莊區中正路386號,02-2325-6267,中風險,57,中央廚房食材登錄平台每日食材驗收與溯源登錄稽查。；校舍樓梯走廊防墜設施、消防設備檢修合格證在效期內。
ntpc-el-0131,新北市立思賢國民小學,新莊區,市立國小,1800,新北市新莊區自立街229號,02-2638-6976,低風險,16,中央廚房食材登錄平台每日食材驗收與溯源登錄稽查。；校舍樓梯走廊防墜設施、消防設備檢修合格證在效期內。
ntpc-jh-0055,新北市立新莊國民中學,新莊區,市立國中,1950,新北市新莊區中正路211號,02-2602-8213,低風險,21,中央廚房食材登錄平台每日食材驗收與溯源登錄稽查。；校舍樓梯走廊防墜設施、消防設備檢修合格證在效期內。
ntpc-el-0126,新北市立新莊國民小學,新莊區,市立國小,2300,新北市新莊區中正路86號,02-2408-4948,低風險,21,中央廚房食材登錄平台每日食材驗收與溯源登錄稽查。；校舍樓梯走廊防墜設施、消防設備檢修合格證在效期內。
ntpc-pre-0441,新北市立新莊幼兒園,新莊區,市立幼兒園,210,新北市新莊區中正路86號,02-2584-3644,低風險,19,查核師生比是否符合法定標準（幼幼班 1:8、大中小班 1:15）。；核對現場教保服務人員之教師證、教保員資格備查冊。
ntpc-hs-0005,新北市立新莊高級中學,新莊區,市立高中,2200,新北市新莊區中平路135號,02-2756-4132,中風險,59,中央廚房食材登錄平台每日食材驗收與溯源登錄稽查。；校舍樓梯走廊防墜設施、消防設備檢修合格證在效期內。
ntpc-el-0128,新北市立昌平國民小學,新莊區,市立國小,1900,新北市新莊區昌平街200號,02-2266-2235,中風險,56,中央廚房食材登錄平台每日食材驗收與溯源登錄稽查。；校舍樓梯走廊防墜設施、消防設備檢修合格證在效期內。
ntpc-el-0136,新北市立昌隆國民小學,新莊區,市立國小,1700,新北市新莊區昌隆街63號,02-2202-4574,低風險,25,中央廚房食材登錄平台每日食材驗收與溯源登錄稽查。；校舍樓梯走廊防墜設施、消防設備檢修合格證在效期內。
ntpc-el-0129,新北市立榮富國民小學,新莊區,市立國小,2800,新北市新莊區中和街193號,02-2466-8797,低風險,22,中央廚房食材登錄平台每日食材驗收與溯源登錄稽查。；校舍樓梯走廊防墜設施、消防設備檢修合格證在效期內。
ntpc-el-0130,新北市立民安國民小學,新莊區,市立國小,2100,新北市新莊區民安路99號,02-2741-8934,中風險,59,中央廚房食材登錄平台每日食材驗收與溯源登錄稽查。；校舍樓梯走廊防墜設施、消防設備檢修合格證在效期內。
ntpc-jh-0056,新北市立福營國民中學,新莊區,市立國中,1700,新北市新莊區富國路105號,02-2290-2564,低風險,17,中央廚房食材登錄平台每日食材驗收與溯源登錄稽查。；校舍樓梯走廊防墜設施、消防設備檢修合格證在效期內。
ntpc-el-0132,新北市立裕民國民小學,新莊區,市立國小,1950,新北市新莊區裕民街123號,02-2574-9343,低風險,32,中央廚房食材登錄平台每日食材驗收與溯源登錄稽查。；校舍樓梯走廊防墜設施、消防設備檢修合格證在效期內。
ntpc-el-0137,新北市立豐年國民小學,新莊區,市立國小,1550,新北市新莊區瓊泰路116號,02-2842-6648,低風險,20,中央廚房食材登錄平台每日食材驗收與溯源登錄稽查。；校舍樓梯走廊防墜設施、消防設備檢修合格證在效期內。
ntpc-jh-0057,新北市立頭前國民中學,新莊區,市立國中,1400,新北市新莊區中原路2號,02-2761-8006,低風險,28,中央廚房食材登錄平台每日食材驗收與溯源登錄稽查。；校舍樓梯走廊防墜設施、消防設備檢修合格證在效期內。
ntpc-el-0135,新北市立頭前國民小學,新莊區,市立國小,1650,新北市新莊區化成路231號,02-2323-2067,低風險,29,中央廚房食材登錄平台每日食材驗收與溯源登錄稽查。；校舍樓梯走廊防墜設施、消防設備檢修合格證在效期內。
ntpc-hs-0049,國立華僑高級中等學校,板橋區,國立高中,2250,新北市板橋區大觀路一段32號,02-2968-4131,低風險,25,中央廚房食材登錄平台每日食材驗收與溯源登錄稽查。；僑生宿舍與教學大樓防墜設施、消防安全設備檢修合格證明在效期內。
ntpc-pre-0287,新北市板橋區信義國民小學附設幼兒園,板橋區,公立學校附設幼兒園,164,新北市板橋區四川路二段99巷99號,02-2396-1422,低風險,34,查核師生比是否符合法定標準（幼幼班 1:8、大中小班 1:15）。；核對現場教保服務人員之教師證、教保員資格備查冊。
ntpc-pre-0280,新北市板橋區埔墘國民小學附設幼兒園,板橋區,公立學校附設幼兒園,124,新北市板橋區光復街155號,02-2868-2792,低風險,16,查核師生比是否符合法定標準（幼幼班 1:8、大中小班 1:15）。；核對現場教保服務人員之教師證、教保員資格備查冊。
ntpc-pre-0285,新北市板橋區大觀國民小學附設幼兒園,板橋區,公立學校附設幼兒園,115,新北市板橋區大觀路一段30號,02-2345-6209,低風險,35,查核師生比是否符合法定標準（幼幼班 1:8、大中小班 1:15）。；核對現場教保服務人員之教師證、教保員資格備查冊。
ntpc-pre-0289,新北市板橋區實踐國民小學附設幼兒園,板橋區,公立學校附設幼兒園,178,新北市板橋區實踐路93巷51號,02-2645-2876,低風險,16,查核師生比是否符合法定標準（幼幼班 1:8、大中小班 1:15）。；核對現場教保服務人員之教師證、教保員資格備查冊。
ntpc-pre-0279,新北市板橋區後埔國民小學附設幼兒園,板橋區,公立學校附設幼兒園,103,新北市板橋區重慶路157號,02-2578-5695,高風險,81,查核師生比是否符合法定標準（幼幼班 1:8、大中小班 1:15）。；核對現場教保服務人員之教師證、教保員資格備查冊。
ntpc-pre-0284,新北市板橋區文德國民小學附設幼兒園,板橋區,公立學校附設幼兒園,110,新北市板橋區英士路179號,02-2359-3018,低風險,21,查核師生比是否符合法定標準（幼幼班 1:8、大中小班 1:15）。；核對現場教保服務人員之教師證、教保員資格備查冊。
ntpc-pre-0283,新北市板橋區文聖國民小學附設幼兒園,板橋區,公立學校附設幼兒園,162,新北市板橋區文聖街86號,02-2541-9178,低風險,36,查核師生比是否符合法定標準（幼幼班 1:8、大中小班 1:15）。；核對現場教保服務人員之教師證、教保員資格備查冊。
ntpc-pre-0282,新北市板橋區新埔國民小學附設幼兒園,板橋區,公立學校附設幼兒園,147,新北市板橋區陽明街206號,02-2718-1863,低風險,17,查核師生比是否符合法定標準（幼幼班 1:8、大中小班 1:15）。；核對現場教保服務人員之教師證、教保員資格備查冊。
ntpc-pre-0276,新北市板橋區板橋國民小學附設幼兒園,板橋區,公立學校附設幼兒園,110,新北市板橋區文化路一段206號,02-2670-3927,低風險,19,查核師生比是否符合法定標準（幼幼班 1:8、大中小班 1:15）。；核對現場教保服務人員之教師證、教保員資格備查冊。
ntpc-pre-0281,新北市板橋區江翠國民小學附設幼兒園,板橋區,公立學校附設幼兒園,94,新北市板橋區文化路二段413號,02-2463-4540,高風險,83,查核師生比是否符合法定標準（幼幼班 1:8、大中小班 1:15）。；核對現場教保服務人員之教師證、教保員資格備查冊。
ntpc-pre-0286,新北市板橋區沙崙國民小學附設幼兒園,板橋區,公立學校附設幼兒園,175,新北市板橋區篤行路二段105號,02-2520-4188,低風險,35,查核師生比是否符合法定標準（幼幼班 1:8、大中小班 1:15）。；核對現場教保服務人員之教師證、教保員資格備查冊。
ntpc-pre-0277,新北市板橋區海山國民小學附設幼兒園,板橋區,公立學校附設幼兒園,101,新北市板橋區漢生東路280號,02-2505-8840,低風險,16,查核師生比是否符合法定標準（幼幼班 1:8、大中小班 1:15）。；核對現場教保服務人員之教師證、教保員資格備查冊。
ntpc-pre-0288,新北市板橋區溪洲國民小學附設幼兒園,板橋區,公立學校附設幼兒園,202,新北市板橋區溪崑一街26號,02-2696-1729,低風險,15,查核師生比是否符合法定標準（幼幼班 1:8、大中小班 1:15）。；核對現場教保服務人員之教師證、教保員資格備查冊。
ntpc-pre-0278,新北市板橋區莒光國民小學附設幼兒園,板橋區,公立學校附設幼兒園,179,新北市板橋區莒光路163號,02-2401-9570,低風險,16,查核師生比是否符合法定標準（幼幼班 1:8、大中小班 1:15）。；核對現場教保服務人員之教師證、教保員資格備查冊。
ntpc-pre-0463,新北市板橋大觀非營利幼兒園,板橋區,非營利幼兒園,140,新北市板橋區大觀路一段30號,02-2385-4197,低風險,15,查核師生比是否符合法定標準（幼幼班 1:8、大中小班 1:15）。；核對現場教保服務人員之教師證、教保員資格備查冊。
ntpc-pre-0457,新北市私立何嘉仁板橋幼兒園,板橋區,私立幼兒園,160,新北市板橋區莊敬路208巷1號,02-2515-1890,低風險,33,查核師生比是否符合法定標準（幼幼班 1:8、大中小班 1:15）。；核對現場教保服務人員之教師證、教保員資格備查冊。
ntpc-pre-0456,新北市私立光仁小學附設幼兒園,板橋區,私立幼兒園,160,新北市板橋區中山路二段255巷18號,02-2412-5368,低風險,22,查核師生比是否符合法定標準（幼幼班 1:8、大中小班 1:15）。；核對現場教保服務人員之教師證、教保員資格備查冊。
ntpc-hs-0004,新北市私立光仁高級中學,板橋區,私立高中,1500,新北市板橋區中山路二段255巷18號,02-2399-2878,低風險,23,中央廚房食材登錄平台每日食材驗收與溯源登錄稽查。；校舍樓梯走廊防墜設施、消防設備檢修合格證在效期內。
ntpc-pre-0458,新北市私立吉的堡板橋幼兒園,板橋區,私立幼兒園,150,新北市板橋區漢生東路193巷2號,02-2574-5303,中風險,61,查核師生比是否符合法定標準（幼幼班 1:8、大中小班 1:15）。；核對現場教保服務人員之教師證、教保員資格備查冊。
ntpc-hs-0053,新北市私立豫章高級工商職業學校,板橋區,私立高職,1500,新北市板橋區四川路一段391號,02-2951-9810,低風險,34,遠東集團產學合作合規審查。；工場公安防護與校舍防墜檢驗合格。
ntpc-jh-0121,新北市立中山國民中學,板橋區,市立國中,1900,新北市板橋區文化路一段188巷56號,02-2250-8250,低風險,24,中央廚房食材登錄平台每日食材驗收與溯源登錄稽查。；走廊防墜設施、消防設備檢修合格證在效期內。
ntpc-el-0123,新北市立信義國民小學,板橋區,市立國小,1650,新北市板橋區四川路二段99巷99號,02-2539-8488,低風險,32,中央廚房食材登錄平台每日食材驗收與溯源登錄稽查。；校舍樓梯走廊防墜設施、消防設備檢修合格證在效期內。
ntpc-hs-0003,新北市立光復高級中學,板橋區,市立高中,1200,新北市板橋區光環路一段1號,02-2926-1984,中風險,55,中央廚房食材登錄平台每日食材驗收與溯源登錄稽查。；校舍樓梯走廊防墜設施、消防設備檢修合格證在效期內。
ntpc-el-0116,新北市立埔墘國民小學,板橋區,市立國小,1950,新北市板橋區光復街155號,02-2847-1142,低風險,24,中央廚房食材登錄平台每日食材驗收與溯源登錄稽查。；校舍樓梯走廊防墜設施、消防設備檢修合格證在效期內。
ntpc-jh-0053,新北市立大觀國民中學,板橋區,市立國中,1100,新北市板橋區僑中一街1號,02-2653-5171,低風險,25,中央廚房食材登錄平台每日食材驗收與溯源登錄稽查。；校舍樓梯走廊防墜設施、消防設備檢修合格證在效期內。
ntpc-el-0121,新北市立大觀國民小學,板橋區,市立國小,1500,新北市板橋區大觀路一段30號,02-2276-8907,低風險,25,中央廚房食材登錄平台每日食材驗收與溯源登錄稽查。；校舍樓梯走廊防墜設施、消防設備檢修合格證在效期內。
ntpc-el-0125,新北市立實踐國民小學,板橋區,市立國小,1550,新北市板橋區實踐路93巷51號,02-2754-1081,低風險,21,中央廚房食材登錄平台每日食材驗收與溯源登錄稽查。；校舍樓梯走廊防墜設施、消防設備檢修合格證在效期內。
ntpc-el-0115,新北市立後埔國民小學,板橋區,市立國小,2100,新北市板橋區重慶路157號,02-2440-6143,低風險,23,中央廚房食材登錄平台每日食材驗收與溯源登錄稽查。；校舍樓梯走廊防墜設施、消防設備檢修合格證在效期內。
ntpc-el-0120,新北市立文德國民小學,板橋區,市立國小,1850,新北市板橋區英士路179號,02-2792-6622,低風險,21,中央廚房食材登錄平台每日食材驗收與溯源登錄稽查。；校舍樓梯走廊防墜設施、消防設備檢修合格證在效期內。
ntpc-el-0119,新北市立文聖國民小學,板橋區,市立國小,1600,新北市板橋區文聖街86號,02-2837-6862,低風險,18,中央廚房食材登錄平台每日食材驗收與溯源登錄稽查。；校舍樓梯走廊防墜設施、消防設備檢修合格證在效期內。
ntpc-jh-0051,新北市立新埔國民中學,板橋區,市立國中,1150,新北市板橋區新海路181號,02-2857-1140,低風險,22,中央廚房食材登錄平台每日食材驗收與溯源登錄稽查。；校舍樓梯走廊防墜設施、消防設備檢修合格證在效期內。
ntpc-el-0118,新北市立新埔國民小學,板橋區,市立國小,2000,新北市板橋區陽明街206號,02-2808-9497,低風險,22,中央廚房食材登錄平台每日食材驗收與溯源登錄稽查。；校舍樓梯走廊防墜設施、消防設備檢修合格證在效期內。
ntpc-jh-0049,新北市立板橋國民中學,板橋區,市立國中,1200,新北市板橋區中正路437號,02-2689-7000,低風險,17,中央廚房食材登錄平台每日食材驗收與溯源登錄稽查。；校舍樓梯走廊防墜設施、消防設備檢修合格證在效期內。
ntpc-el-0112,新北市立板橋國民小學,板橋區,市立國小,2200,新北市板橋區文化路一段206號,02-2949-6667,低風險,25,中央廚房食材登錄平台每日食材驗收與溯源登錄稽查。；校舍樓梯走廊防墜設施、消防設備檢修合格證在效期內。
ntpc-pre-0440,新北市立板橋幼兒園,板橋區,市立幼兒園,220,新北市板橋區文化路一段268號,02-2847-4037,低風險,25,查核師生比是否符合法定標準（幼幼班 1:8、大中小班 1:15）。；核對現場教保服務人員之教師證、教保員資格備查冊。
ntpc-hs-0001,新北市立板橋高級中學,板橋區,市立高中,2100,新北市板橋區文化路一段25號,02-2951-4821,低風險,26,中央廚房食材登錄平台每日食材驗收與溯源登錄稽查。；校舍樓梯走廊防墜設施、消防設備檢修合格證在效期內。
ntpc-jh-0050,新北市立江翠國民中學,板橋區,市立國中,1800,新北市板橋區松江街63號,02-2847-1725,低風險,24,中央廚房食材登錄平台每日食材驗收與溯源登錄稽查。；校舍樓梯走廊防墜設施、消防設備檢修合格證在效期內。
ntpc-el-0117,新北市立江翠國民小學,板橋區,市立國小,2300,新北市板橋區文化路二段413號,02-2336-7255,低風險,23,中央廚房食材登錄平台每日食材驗收與溯源登錄稽查。；校舍樓梯走廊防墜設施、消防設備檢修合格證在效期內。
ntpc-el-0122,新北市立沙崙國民小學,板橋區,市立國小,1800,新北市板橋區篤行路二段105號,02-2640-4838,低風險,18,中央廚房食材登錄平台每日食材驗收與溯源登錄稽查。；校舍樓梯走廊防墜設施、消防設備檢修合格證在效期內。
ntpc-el-0113,新北市立海山國民小學,板橋區,市立國小,2600,新北市板橋區漢生東路280號,02-2647-8434,低風險,26,中央廚房食材登錄平台每日食材驗收與溯源登錄稽查。；校舍樓梯走廊防墜設施、消防設備檢修合格證在效期內。
ntpc-hs-0002,新北市立海山高級中學,板橋區,市立高中,2400,新北市板橋區漢生東路215號,02-2616-8366,低風險,24,中央廚房食材登錄平台每日食材驗收與溯源登錄稽查。；校舍樓梯走廊防墜設施、消防設備檢修合格證在效期內。
ntpc-jh-0054,新北市立溪崑國民中學,板橋區,市立國中,1250,新北市板橋區大觀路三段160巷30號,02-2783-9683,中風險,58,中央廚房食材登錄平台每日食材驗收與溯源登錄稽查。；校舍樓梯走廊防墜設施、消防設備檢修合格證在效期內。
ntpc-el-0124,新北市立溪洲國民小學,板橋區,市立國小,1750,新北市板橋區溪崑一街26號,02-2712-4814,低風險,20,中央廚房食材登錄平台每日食材驗收與溯源登錄稽查。；校舍樓梯走廊防墜設施、消防設備檢修合格證在效期內。
ntpc-el-0114,新北市立莒光國民小學,板橋區,市立國小,2400,新北市板橋區莒光路163號,02-2860-8804,低風險,29,中央廚房食材登錄平台每日食材驗收與溯源登錄稽查。；校舍樓梯走廊防墜設施、消防設備檢修合格證在效期內。
ntpc-jh-0052,新北市立重慶國民中學,板橋區,市立國中,1300,新北市板橋區國慶路295號,02-2894-3618,低風險,23,中央廚房食材登錄平台每日食材驗收與溯源登錄稽查。；校舍樓梯走廊防墜設施、消防設備檢修合格證在效期內。
ntpc-pre-0394,新北市林口區南勢國民小學附設幼兒園,林口區,公立學校附設幼兒園,125,新北市林口區南勢街16號,02-2452-8022,低風險,29,查核師生比是否符合法定標準（幼幼班 1:8、大中小班 1:15）。；核對現場教保服務人員之教師證、教保員資格備查冊。
ntpc-pre-0397,新北市林口區嘉寶國民小學附設幼兒園,林口區,公立學校附設幼兒園,116,新北市林口區嘉寶里3鄰35號,02-2925-9058,低風險,17,查核師生比是否符合法定標準（幼幼班 1:8、大中小班 1:15）。；核對現場教保服務人員之教師證、教保員資格備查冊。
ntpc-pre-0395,新北市林口區東湖國民小學附設幼兒園,林口區,公立學校附設幼兒園,123,新北市林口區興林路二段100號,02-2877-1761,低風險,18,查核師生比是否符合法定標準（幼幼班 1:8、大中小班 1:15）。；核對現場教保服務人員之教師證、教保員資格備查冊。
ntpc-pre-0390,新北市林口區林口國民小學附設幼兒園,林口區,公立學校附設幼兒園,102,新北市林口區林口路76號,02-2209-5242,高風險,83,查核師生比是否符合法定標準（幼幼班 1:8、大中小班 1:15）。；核對現場教保服務人員之教師證、教保員資格備查冊。
ntpc-pre-0396,新北市林口區興福國民小學附設幼兒園,林口區,公立學校附設幼兒園,153,新北市林口區下福里10鄰111號,02-2342-4063,低風險,25,查核師生比是否符合法定標準（幼幼班 1:8、大中小班 1:15）。；核對現場教保服務人員之教師證、教保員資格備查冊。
ntpc-pre-0393,新北市林口區頭湖國民小學附設幼兒園,林口區,公立學校附設幼兒園,159,新北市林口區民治路85號,02-2364-7372,低風險,16,查核師生比是否符合法定標準（幼幼班 1:8、大中小班 1:15）。；核對現場教保服務人員之教師證、教保員資格備查冊。
ntpc-pre-0392,新北市林口區麗園國民小學附設幼兒園,林口區,公立學校附設幼兒園,112,新北市林口區忠孝路59號,02-2579-6647,低風險,19,查核師生比是否符合法定標準（幼幼班 1:8、大中小班 1:15）。；核對現場教保服務人員之教師證、教保員資格備查冊。
ntpc-pre-0391,新北市林口區麗林國民小學附設幼兒園,林口區,公立學校附設幼兒園,190,新北市林口區公園路46號,02-2581-4368,低風險,31,查核師生比是否符合法定標準（幼幼班 1:8、大中小班 1:15）。；核對現場教保服務人員之教師證、教保員資格備查冊。
ntpc-hs-0043,新北市私立康橋國際學校林口校區,林口區,私立高中,1500,新北市林口區文化三路二段88號,02-2812-4300,低風險,32,中央廚房食材登錄平台每日食材驗收與溯源登錄稽查。；校舍樓梯走廊防墜設施、消防設備檢修合格證在效期內。
ntpc-pre-0461,新北市私立愛森堡幼兒園,林口區,私立幼兒園,160,新北市林口區文化三路二段322號,02-2599-3021,低風險,31,查核師生比是否符合法定標準（幼幼班 1:8、大中小班 1:15）。；核對現場教保服務人員之教師證、教保員資格備查冊。
ntpc-hs-0042,新北市私立醒吾高級中學,林口區,私立高中,1200,新北市林口區粉寮路一段31號,02-2558-6015,高風險,72,中央廚房食材登錄平台每日食材驗收與溯源登錄稽查。；校舍樓梯走廊防墜設施、消防設備檢修合格證在效期內。
ntpc-jh-0123,新北市立佳林國民中學,林口區,市立國中,1450,新北市林口區中山路268號,02-2641-9802,低風險,23,中央廚房食材登錄平台每日食材驗收與溯源登錄稽查。；校舍樓梯走廊防墜設施、消防設備檢修合格證在效期內。
ntpc-el-0230,新北市立南勢國民小學,林口區,市立國小,2000,新北市林口區南勢街16號,02-2209-1467,低風險,18,中央廚房食材登錄平台每日食材驗收與溯源登錄稽查。；校舍樓梯走廊防墜設施、消防設備檢修合格證在效期內。
ntpc-el-0233,新北市立嘉寶國民小學,林口區,市立國小,550,新北市林口區嘉寶里3鄰35號,02-2356-8137,低風險,33,中央廚房食材登錄平台每日食材驗收與溯源登錄稽查。；校舍樓梯走廊防墜設施、消防設備檢修合格證在效期內。
ntpc-jh-0095,新北市立崇林國民中學,林口區,市立國中,1750,新北市林口區文化二路一段20巷5號,02-2214-6537,高風險,80,中央廚房食材登錄平台每日食材驗收與溯源登錄稽查。；校舍樓梯走廊防墜設施、消防設備檢修合格證在效期內。
ntpc-hs-0056,新北市立新北特殊教育學校,林口區,市立特教學校,450,新北市林口區文化北路一段425號,02-2600-9482,低風險,22,特教無障礙設施與專用護理照護設備齊全。；無障礙交通車安全檢驗合格。
ntpc-es-0166,新北市立新林國民小學,林口區,市立國小,1900,新北市林口區三民路101號,02-2608-6521,低風險,21,林口新市鎮雙語實驗課程教學進度與情境教室安全維護。；中央廚房午餐食材溯源驗收紀錄與每日檢驗快篩。
ntpc-el-0231,新北市立東湖國民小學,林口區,市立國小,1900,新北市林口區興林路二段100號,02-2635-2209,低風險,22,中央廚房食材登錄平台每日食材驗收與溯源登錄稽查。；校舍樓梯走廊防墜設施、消防設備檢修合格證在效期內。
ntpc-jh-0094,新北市立林口國民中學,林口區,市立國中,1600,新北市林口區民生路85號,02-2943-5928,高風險,88,中央廚房食材登錄平台每日食材驗收與溯源登錄稽查。；校舍樓梯走廊防墜設施、消防設備檢修合格證在效期內。
ntpc-el-0226,新北市立林口國民小學,林口區,市立國小,2200,新北市林口區林口路76號,02-2916-8216,低風險,27,中央廚房食材登錄平台每日食材驗收與溯源登錄稽查。；校舍樓梯走廊防墜設施、消防設備檢修合格證在效期內。
ntpc-hs-0041,新北市立林口高級中學,林口區,市立高中,1950,新北市林口區仁愛路二段173號,02-2284-8841,低風險,35,中央廚房食材登錄平台每日食材驗收與溯源登錄稽查。；校舍樓梯走廊防墜設施、消防設備檢修合格證在效期內。
ntpc-el-0232,新北市立興福國民小學,林口區,市立國小,600,新北市林口區下福里10鄰111號,02-2217-1327,低風險,27,中央廚房食材登錄平台每日食材驗收與溯源登錄稽查。；校舍樓梯走廊防墜設施、消防設備檢修合格證在效期內。
ntpc-el-0229,新北市立頭湖國民小學,林口區,市立國小,2100,新北市林口區民治路85號,02-2843-4173,低風險,30,中央廚房食材登錄平台每日食材驗收與溯源登錄稽查。；校舍樓梯走廊防墜設施、消防設備檢修合格證在效期內。
ntpc-el-0228,新北市立麗園國民小學,林口區,市立國小,2450,新北市林口區忠孝路59號,02-2842-3972,中風險,57,中央廚房食材登錄平台每日食材驗收與溯源登錄稽查。；校舍樓梯走廊防墜設施、消防設備檢修合格證在效期內。
ntpc-el-0227,新北市立麗林國民小學,林口區,市立國小,2600,新北市林口區公園路46號,02-2331-9847,高風險,79,中央廚房食材登錄平台每日食材驗收與溯源登錄稽查。；校舍樓梯走廊防墜設施、消防設備檢修合格證在效期內。
ntpc-pre-0355,新北市樹林區三多國民小學附設幼兒園,樹林區,公立學校附設幼兒園,166,新北市樹林區三福街52號,02-2979-2304,中風險,64,查核師生比是否符合法定標準（幼幼班 1:8、大中小班 1:15）。；核對現場教保服務人員之教師證、教保員資格備查冊。
ntpc-pre-0350,新北市樹林區大同國民小學附設幼兒園,樹林區,公立學校附設幼兒園,147,新北市樹林區大同街43號,02-2375-1257,低風險,24,查核師生比是否符合法定標準（幼幼班 1:8、大中小班 1:15）。；核對現場教保服務人員之教師證、教保員資格備查冊。
ntpc-pre-0352,新北市樹林區山佳國民小學附設幼兒園,樹林區,公立學校附設幼兒園,128,新北市樹林區地街10號,02-2945-5964,低風險,36,查核師生比是否符合法定標準（幼幼班 1:8、大中小班 1:15）。；核對現場教保服務人員之教師證、教保員資格備查冊。
ntpc-pre-0353,新北市樹林區彭福國民小學附設幼兒園,樹林區,公立學校附設幼兒園,143,新北市樹林區忠孝街30號,02-2458-7675,低風險,33,查核師生比是否符合法定標準（幼幼班 1:8、大中小班 1:15）。；核對現場教保服務人員之教師證、教保員資格備查冊。
ntpc-pre-0349,新北市樹林區文林國民小學附設幼兒園,樹林區,公立學校附設幼兒園,165,新北市樹林區千歲街59號,02-2708-8409,低風險,18,查核師生比是否符合法定標準（幼幼班 1:8、大中小班 1:15）。；核對現場教保服務人員之教師證、教保員資格備查冊。
ntpc-pre-0348,新北市樹林區樹林國民小學附設幼兒園,樹林區,公立學校附設幼兒園,179,新北市樹林區育英街176號,02-2649-4527,中風險,62,查核師生比是否符合法定標準（幼幼班 1:8、大中小班 1:15）。；核對現場教保服務人員之教師證、教保員資格備查冊。
ntpc-pre-0354,新北市樹林區武林國民小學附設幼兒園,樹林區,公立學校附設幼兒園,184,新北市樹林區保安街二段151號,02-2549-1137,低風險,30,查核師生比是否符合法定標準（幼幼班 1:8、大中小班 1:15）。；核對現場教保服務人員之教師證、教保員資格備查冊。
ntpc-pre-0351,新北市樹林區育林國民小學附設幼兒園,樹林區,公立學校附設幼兒園,107,新北市樹林區復興路395號,02-2471-4657,低風險,36,查核師生比是否符合法定標準（幼幼班 1:8、大中小班 1:15）。；核對現場教保服務人員之教師證、教保員資格備查冊。
ntpc-hs-0032,新北市私立樹人家事商業職業學校,樹林區,私立高職,1400,新北市樹林區大安路216號,02-2767-9816,低風險,34,中央廚房食材登錄平台每日食材驗收與溯源登錄稽查。；校舍樓梯走廊防墜設施、消防設備檢修合格證在效期內。
ntpc-hs-0062,新北市私立樹人高級家事商業職業學校,樹林區,私立高職,1600,新北市樹林區大安路130號,02-2687-0391,低風險,42,餐飲管理科實習廚房食品安全衛生自主管理與抽檢留樣。；美容美髮實習教室通風換氣與電器設備檢驗。
ntpc-el-0191,新北市立三多國民小學,樹林區,市立國小,1500,新北市樹林區三福街52號,02-2356-7470,高風險,80,中央廚房食材登錄平台每日食材驗收與溯源登錄稽查。；校舍樓梯走廊防墜設施、消防設備檢修合格證在效期內。
ntpc-el-0186,新北市立大同國民小學,樹林區,市立國小,1750,新北市樹林區大同街43號,02-2547-5190,低風險,35,中央廚房食材登錄平台每日食材驗收與溯源登錄稽查。；校舍樓梯走廊防墜設施、消防設備檢修合格證在效期內。
ntpc-el-0188,新北市立山佳國民小學,樹林區,市立國小,1400,新北市樹林區地街10號,02-2673-9875,低風險,30,中央廚房食材登錄平台每日食材驗收與溯源登錄稽查。；校舍樓梯走廊防墜設施、消防設備檢修合格證在效期內。
ntpc-el-0189,新北市立彭福國民小學,樹林區,市立國小,1650,新北市樹林區忠孝街30號,02-2559-7516,低風險,24,中央廚房食材登錄平台每日食材驗收與溯源登錄稽查。；校舍樓梯走廊防墜設施、消防設備檢修合格證在效期內。
ntpc-el-0185,新北市立文林國民小學,樹林區,市立國小,1900,新北市樹林區千歲街59號,02-2432-1702,低風險,18,中央廚房食材登錄平台每日食材驗收與溯源登錄稽查。；校舍樓梯走廊防墜設施、消防設備檢修合格證在效期內。
ntpc-jh-0082,新北市立柑園國民中學,樹林區,市立國中,700,新北市樹林區柑園街二段125號,02-2465-9256,低風險,36,中央廚房食材登錄平台每日食材驗收與溯源登錄稽查。；校舍樓梯走廊防墜設施、消防設備檢修合格證在效期內。
ntpc-jh-0125,新北市立桃子腳國民中小學,樹林區,市立國中小,2300,新北市樹林區學勤路31號,02-8970-3225,低風險,20,北大特區鑽石級綠建築生態校園排水與節能設施維護檢核。；雙語實驗課程教學進度與外籍英語師資聘任合規審查。
ntpc-jh-0080,新北市立樹林國民中學,樹林區,市立國中,1550,新北市樹林區樹新路100號,02-2446-5443,低風險,19,中央廚房食材登錄平台每日食材驗收與溯源登錄稽查。；校舍樓梯走廊防墜設施、消防設備檢修合格證在效期內。
ntpc-el-0184,新北市立樹林國民小學,樹林區,市立國小,2200,新北市樹林區育英街176號,02-2463-2498,低風險,29,中央廚房食材登錄平台每日食材驗收與溯源登錄稽查。；校舍樓梯走廊防墜設施、消防設備檢修合格證在效期內。
ntpc-pre-0448,新北市立樹林幼兒園,樹林區,市立幼兒園,160,新北市樹林區樹新路100號,02-2302-1484,低風險,32,查核師生比是否符合法定標準（幼幼班 1:8、大中小班 1:15）。；核對現場教保服務人員之教師證、教保員資格備查冊。
ntpc-hs-0031,新北市立樹林高級中學,樹林區,市立高中,1800,新北市樹林區中華路8號,02-2429-9134,低風險,35,中央廚房食材登錄平台每日食材驗收與溯源登錄稽查。；校舍樓梯走廊防墜設施、消防設備檢修合格證在效期內。
ntpc-el-0190,新北市立武林國民小學,樹林區,市立國小,1550,新北市樹林區保安街二段151號,02-2885-2780,低風險,31,中央廚房食材登錄平台每日食材驗收與溯源登錄稽查。；校舍樓梯走廊防墜設施、消防設備檢修合格證在效期內。
ntpc-jh-0081,新北市立育林國民中學,樹林區,市立國中,1250,新北市樹林區復興路395號,02-2200-6036,低風險,30,中央廚房食材登錄平台每日食材驗收與溯源登錄稽查。；校舍樓梯走廊防墜設施、消防設備檢修合格證在效期內。
ntpc-el-0187,新北市立育林國民小學,樹林區,市立國小,1600,新北市樹林區復興路395號,02-2887-3210,低風險,19,中央廚房食材登錄平台每日食材驗收與溯源登錄稽查。；校舍樓梯走廊防墜設施、消防設備檢修合格證在效期內。
ntpc-pre-0313,新北市永和區永和國民小學附設幼兒園,永和區,公立學校附設幼兒園,146,新北市永和區秀朗路一段120號,02-2226-7025,低風險,28,查核師生比是否符合法定標準（幼幼班 1:8、大中小班 1:15）。；核對現場教保服務人員之教師證、教保員資格備查冊。
ntpc-pre-0315,新北市永和區永平國民小學附設幼兒園,永和區,公立學校附設幼兒園,138,新北市永和區保生路25號,02-2606-7834,低風險,18,查核師生比是否符合法定標準（幼幼班 1:8、大中小班 1:15）。；核對現場教保服務人員之教師證、教保員資格備查冊。
ntpc-pre-0311,新北市永和區秀朗國民小學附設幼兒園,永和區,公立學校附設幼兒園,177,新北市永和區得和路202號,02-2935-7390,低風險,29,查核師生比是否符合法定標準（幼幼班 1:8、大中小班 1:15）。；核對現場教保服務人員之教師證、教保員資格備查冊。
ntpc-pre-0314,新北市永和區網溪國民小學附設幼兒園,永和區,公立學校附設幼兒園,198,新北市永和區竹林路110號,02-2556-4202,高風險,82,查核師生比是否符合法定標準（幼幼班 1:8、大中小班 1:15）。；核對現場教保服務人員之教師證、教保員資格備查冊。
ntpc-pre-0312,新北市永和區頂溪國民小學附設幼兒園,永和區,公立學校附設幼兒園,209,新北市永和區文化路133號,02-2470-6561,低風險,22,查核師生比是否符合法定標準（幼幼班 1:8、大中小班 1:15）。；核對現場教保服務人員之教師證、教保員資格備查冊。
ntpc-pre-0455,新北市私立及人小學附設幼兒園,永和區,私立幼兒園,160,新北市永和區文化路172號,02-2311-5807,低風險,26,查核師生比是否符合法定標準（幼幼班 1:8、大中小班 1:15）。；核對現場教保服務人員之教師證、教保員資格備查冊。
ntpc-hs-0013,新北市私立復興高級商工職業學校,永和區,私立高職,2900,新北市永和區秀朗路一段201號,02-2625-9000,低風險,34,中央廚房食材登錄平台每日食材驗收與溯源登錄稽查。；校舍樓梯走廊防墜設施、消防設備檢修合格證在效期內。
ntpc-hs-0051,新北市私立智光高級商工職業學校,永和區,私立高職,1800,新北市永和區中正路100號,02-2943-2491,低風險,38,實習工場工安設備檢驗合格。；食材溯源登錄稽查。
ntpc-pre-0454,新北市私立竹林小學附設幼兒園,永和區,私立幼兒園,180,新北市永和區竹林路184號,02-2695-4849,低風險,34,查核師生比是否符合法定標準（幼幼班 1:8、大中小班 1:15）。；核對現場教保服務人員之教師證、教保員資格備查冊。
ntpc-jh-0063,新北市立永和國民中學,永和區,市立國中,2200,新北市永和區國光路111號,02-2925-1059,低風險,30,中央廚房食材登錄平台每日食材驗收與溯源登錄稽查。；校舍樓梯走廊防墜設施、消防設備檢修合格證在效期內。
ntpc-el-0149,新北市立永和國民小學,永和區,市立國小,2200,新北市永和區秀朗路一段120號,02-2663-2680,低風險,28,中央廚房食材登錄平台每日食材驗收與溯源登錄稽查。；校舍樓梯走廊防墜設施、消防設備檢修合格證在效期內。
ntpc-pre-0443,新北市立永和幼兒園,永和區,市立幼兒園,180,新北市永和區秀朗路一段120號,02-2626-4348,低風險,17,查核師生比是否符合法定標準（幼幼班 1:8、大中小班 1:15）。；核對現場教保服務人員之教師證、教保員資格備查冊。
ntpc-el-0151,新北市立永平國民小學,永和區,市立國小,2050,新北市永和區保生路25號,02-2601-2253,低風險,33,中央廚房食材登錄平台每日食材驗收與溯源登錄稽查。；校舍樓梯走廊防墜設施、消防設備檢修合格證在效期內。
ntpc-hs-0012,新北市立永平高級中學,永和區,市立高中,1900,新北市永和區永平路205號,02-2699-9980,中風險,65,中央廚房食材登錄平台每日食材驗收與溯源登錄稽查。；校舍樓梯走廊防墜設施、消防設備檢修合格證在效期內。
ntpc-jh-0064,新北市立福和國民中學,永和區,市立國中,2100,新北市永和區永利路71號,02-2205-2527,低風險,15,中央廚房食材登錄平台每日食材驗收與溯源登錄稽查。；校舍樓梯走廊防墜設施、消防設備檢修合格證在效期內。
ntpc-el-0147,新北市立秀朗國民小學,永和區,市立國小,3100,新北市永和區得和路202號,02-2557-2854,低風險,24,中央廚房食材登錄平台每日食材驗收與溯源登錄稽查。；校舍樓梯走廊防墜設施、消防設備檢修合格證在效期內。
ntpc-el-0150,新北市立網溪國民小學,永和區,市立國小,1850,新北市永和區竹林路110號,02-2894-6670,低風險,24,中央廚房食材登錄平台每日食材驗收與溯源登錄稽查。；校舍樓梯走廊防墜設施、消防設備檢修合格證在效期內。
ntpc-el-0148,新北市立頂溪國民小學,永和區,市立國小,1600,新北市永和區文化路133號,02-2239-5572,低風險,33,中央廚房食材登錄平台每日食材驗收與溯源登錄稽查。；校舍樓梯走廊防墜設施、消防設備檢修合格證在效期內。
ntpc-pre-0361,新北市汐止區保長國民小學附設幼兒園,汐止區,公立學校附設幼兒園,150,新北市汐止區大同路三段556號,02-2314-2065,低風險,19,查核師生比是否符合法定標準（幼幼班 1:8、大中小班 1:15）。；核對現場教保服務人員之教師證、教保員資格備查冊。
ntpc-pre-0360,新北市汐止區北峰國民小學附設幼兒園,汐止區,公立學校附設幼兒園,151,新北市汐止區環河街1號,02-2321-5524,低風險,20,查核師生比是否符合法定標準（幼幼班 1:8、大中小班 1:15）。；核對現場教保服務人員之教師證、教保員資格備查冊。
ntpc-pre-0363,新北市汐止區崇德國民小學附設幼兒園,汐止區,公立學校附設幼兒園,183,新北市汐止區茄苳路183號,02-2809-4940,低風險,32,查核師生比是否符合法定標準（幼幼班 1:8、大中小班 1:15）。；核對現場教保服務人員之教師證、教保員資格備查冊。
ntpc-pre-0362,新北市汐止區東山國民小學附設幼兒園,汐止區,公立學校附設幼兒園,199,新北市汐止區汐平路二段200號,02-2548-5030,低風險,27,查核師生比是否符合法定標準（幼幼班 1:8、大中小班 1:15）。；核對現場教保服務人員之教師證、教保員資格備查冊。
ntpc-pre-0359,新北市汐止區樟樹國民小學附設幼兒園,汐止區,公立學校附設幼兒園,164,新北市汐止區樟樹一路141巷2號,02-2758-1921,中風險,52,查核師生比是否符合法定標準（幼幼班 1:8、大中小班 1:15）。；核對現場教保服務人員之教師證、教保員資格備查冊。
ntpc-pre-0356,新北市汐止區汐止國民小學附設幼兒園,汐止區,公立學校附設幼兒園,113,新北市汐止區大同路二段313號,02-2230-9085,低風險,21,查核師生比是否符合法定標準（幼幼班 1:8、大中小班 1:15）。；核對現場教保服務人員之教師證、教保員資格備查冊。
ntpc-pre-0365,新北市汐止區白雲國民小學附設幼兒園,汐止區,公立學校附設幼兒園,141,新北市汐止區民權街二段90號,02-2754-8086,低風險,31,查核師生比是否符合法定標準（幼幼班 1:8、大中小班 1:15）。；核對現場教保服務人員之教師證、教保員資格備查冊。
ntpc-pre-0357,新北市汐止區秀峰國民小學附設幼兒園,汐止區,公立學校附設幼兒園,109,新北市汐止區仁愛路90號,02-2739-3228,低風險,24,查核師生比是否符合法定標準（幼幼班 1:8、大中小班 1:15）。；核對現場教保服務人員之教師證、教保員資格備查冊。
ntpc-pre-0358,新北市汐止區金龍國民小學附設幼兒園,汐止區,公立學校附設幼兒園,174,新北市汐止區明峰街201號,02-2616-6055,低風險,21,查核師生比是否符合法定標準（幼幼班 1:8、大中小班 1:15）。；核對現場教保服務人員之教師證、教保員資格備查冊。
ntpc-pre-0364,新北市汐止區長安國民小學附設幼兒園,汐止區,公立學校附設幼兒園,117,新北市汐止區長安街139號,02-2509-2084,低風險,22,查核師生比是否符合法定標準（幼幼班 1:8、大中小班 1:15）。；核對現場教保服務人員之教師證、教保員資格備查冊。
ntpc-hs-0055,新北市私立崇義高級中學,汐止區,私立高中,800,新北市汐止區大同路三段68號,02-8648-2078,中風險,52,棒球運動專長學生培訓安全保障。；宿舍消防演練與食材溯源抽核。
ntpc-el-0197,新北市立保長國民小學,汐止區,市立國小,1200,新北市汐止區大同路三段556號,02-2614-2963,中風險,65,中央廚房食材登錄平台每日食材驗收與溯源登錄稽查。；校舍樓梯走廊防墜設施、消防設備檢修合格證在效期內。
ntpc-el-0196,新北市立北峰國民小學,汐止區,市立國小,1550,新北市汐止區環河街1號,02-2228-8658,低風險,32,中央廚房食材登錄平台每日食材驗收與溯源登錄稽查。；校舍樓梯走廊防墜設施、消防設備檢修合格證在效期內。
ntpc-el-0199,新北市立崇德國民小學,汐止區,市立國小,1600,新北市汐止區茄苳路183號,02-2601-2246,低風險,16,中央廚房食材登錄平台每日食材驗收與溯源登錄稽查。；校舍樓梯走廊防墜設施、消防設備檢修合格證在效期內。
ntpc-el-0198,新北市立東山國民小學,汐止區,市立國小,700,新北市汐止區汐平路二段200號,02-2759-5249,低風險,28,中央廚房食材登錄平台每日食材驗收與溯源登錄稽查。；校舍樓梯走廊防墜設施、消防設備檢修合格證在效期內。
ntpc-el-0195,新北市立樟樹國民小學,汐止區,市立國小,1700,新北市汐止區樟樹一路141巷2號,02-2965-7225,低風險,25,中央廚房食材登錄平台每日食材驗收與溯源登錄稽查。；校舍樓梯走廊防墜設施、消防設備檢修合格證在效期內。
ntpc-hs-0034,新北市立樟樹國際實創高級中等學校,汐止區,市立高中,1400,新北市汐止區樟樹一路141巷2號,02-2258-3610,低風險,17,中央廚房食材登錄平台每日食材驗收與溯源登錄稽查。；校舍樓梯走廊防墜設施、消防設備檢修合格證在效期內。
ntpc-jh-0083,新北市立汐止國民中學,汐止區,市立國中,1450,新北市汐止區大同路二段394號,02-2777-5096,低風險,18,中央廚房食材登錄平台每日食材驗收與溯源登錄稽查。；校舍樓梯走廊防墜設施、消防設備檢修合格證在效期內。
ntpc-el-0192,新北市立汐止國民小學,汐止區,市立國小,2150,新北市汐止區大同路二段313號,02-2372-7671,低風險,15,中央廚房食材登錄平台每日食材驗收與溯源登錄稽查。；校舍樓梯走廊防墜設施、消防設備檢修合格證在效期內。
ntpc-pre-0449,新北市立汐止幼兒園,汐止區,市立幼兒園,160,新北市汐止區大同路二段394號,02-2945-7159,高風險,88,查核師生比是否符合法定標準（幼幼班 1:8、大中小班 1:15）。；核對現場教保服務人員之教師證、教保員資格備查冊。
ntpc-jh-0085,新北市立汐震國民中學,汐止區,市立國中,1150,新北市汐止區福德一路272巷5號,02-2888-5909,低風險,21,中央廚房食材登錄平台每日食材驗收與溯源登錄稽查。；校舍樓梯走廊防墜設施、消防設備檢修合格證在效期內。
ntpc-el-0201,新北市立白雲國民小學,汐止區,市立國小,1500,新北市汐止區民權街二段90號,02-2771-7702,低風險,19,中央廚房食材登錄平台每日食材驗收與溯源登錄稽查。；校舍樓梯走廊防墜設施、消防設備檢修合格證在效期內。
ntpc-el-0193,新北市立秀峰國民小學,汐止區,市立國小,2400,新北市汐止區仁愛路90號,02-2896-2733,中風險,57,中央廚房食材登錄平台每日食材驗收與溯源登錄稽查。；校舍樓梯走廊防墜設施、消防設備檢修合格證在效期內。
ntpc-hs-0033,新北市立秀峰高級中學,汐止區,市立高中,1850,新北市汐止區秀峰路85號,02-2707-2114,低風險,25,中央廚房食材登錄平台每日食材驗收與溯源登錄稽查。；校舍樓梯走廊防墜設施、消防設備檢修合格證在效期內。
ntpc-el-0194,新北市立金龍國民小學,汐止區,市立國小,1950,新北市汐止區明峰街201號,02-2994-4674,低風險,26,中央廚房食材登錄平台每日食材驗收與溯源登錄稽查。；校舍樓梯走廊防墜設施、消防設備檢修合格證在效期內。
ntpc-el-0200,新北市立長安國民小學,汐止區,市立國小,1450,新北市汐止區長安街139號,02-2968-6582,中風險,58,中央廚房食材登錄平台每日食材驗收與溯源登錄稽查。；校舍樓梯走廊防墜設施、消防設備檢修合格證在效期內。
ntpc-jh-0084,新北市立青山國民中小學,汐止區,市立國中,1100,新北市汐止區莊敬街33號,02-2442-7154,低風險,33,中央廚房食材登錄平台每日食材驗收與溯源登錄稽查。；校舍樓梯走廊防墜設施、消防設備檢修合格證在效期內。
ntpc-pre-0404,新北市泰山區同榮國民小學附設幼兒園,泰山區,公立學校附設幼兒園,158,新北市泰山區公園路33號,02-2699-7988,低風險,24,查核師生比是否符合法定標準（幼幼班 1:8、大中小班 1:15）。；核對現場教保服務人員之教師證、教保員資格備查冊。
ntpc-pre-0405,新北市泰山區明志國民小學附設幼兒園,泰山區,公立學校附設幼兒園,164,新北市泰山區新生路2號,02-2915-5025,中風險,56,查核師生比是否符合法定標準（幼幼班 1:8、大中小班 1:15）。；核對現場教保服務人員之教師證、教保員資格備查冊。
ntpc-pre-0402,新北市泰山區泰山國民小學附設幼兒園,泰山區,公立學校附設幼兒園,107,新北市泰山區泰山路67號,02-2763-7416,低風險,36,查核師生比是否符合法定標準（幼幼班 1:8、大中小班 1:15）。；核對現場教保服務人員之教師證、教保員資格備查冊。
ntpc-pre-0403,新北市泰山區義學國民小學附設幼兒園,泰山區,公立學校附設幼兒園,170,新北市泰山區憲訓路14號,02-2559-1521,低風險,27,查核師生比是否符合法定標準（幼幼班 1:8、大中小班 1:15）。；核對現場教保服務人員之教師證、教保員資格備查冊。
ntpc-el-0240,新北市立同榮國民小學,泰山區,市立國小,1750,新北市泰山區公園路33號,02-2329-9865,低風險,27,中央廚房食材登錄平台每日食材驗收與溯源登錄稽查。；校舍樓梯走廊防墜設施、消防設備檢修合格證在效期內。
ntpc-el-0241,新北市立明志國民小學,泰山區,市立國小,1900,新北市泰山區新生路2號,02-2725-7098,低風險,23,中央廚房食材登錄平台每日食材驗收與溯源登錄稽查。；校舍樓梯走廊防墜設施、消防設備檢修合格證在效期內。
ntpc-jh-0099,新北市立泰山國民中學,泰山區,市立國中,1350,新北市泰山區泰山路54號,02-2239-6886,低風險,32,中央廚房食材登錄平台每日食材驗收與溯源登錄稽查。；校舍樓梯走廊防墜設施、消防設備檢修合格證在效期內。
ntpc-el-0238,新北市立泰山國民小學,泰山區,市立國小,2050,新北市泰山區泰山路67號,02-2599-4198,低風險,15,中央廚房食材登錄平台每日食材驗收與溯源登錄稽查。；校舍樓梯走廊防墜設施、消防設備檢修合格證在效期內。
ntpc-hs-0044,新北市立泰山高級中學,泰山區,市立高中,2100,新北市泰山區辭修路7號,02-2327-8935,低風險,29,中央廚房食材登錄平台每日食材驗收與溯源登錄稽查。；校舍樓梯走廊防墜設施、消防設備檢修合格證在效期內。
ntpc-jh-0098,新北市立義學國民中學,泰山區,市立國中,1450,新北市泰山區民生路30號,02-2951-5324,低風險,23,中央廚房食材登錄平台每日食材驗收與溯源登錄稽查。；校舍樓梯走廊防墜設施、消防設備檢修合格證在效期內。
ntpc-el-0239,新北市立義學國民小學,泰山區,市立國小,2100,新北市泰山區憲訓路14號,02-2493-4424,低風險,36,中央廚房食材登錄平台每日食材驗收與溯源登錄稽查。；校舍樓梯走廊防墜設施、消防設備檢修合格證在效期內。
ntpc-pre-0374,新北市淡水區中泰國民小學附設幼兒園,淡水區,公立學校附設幼兒園,91,新北市淡水區中和里大屯溪22號,02-2278-8142,低風險,21,查核師生比是否符合法定標準（幼幼班 1:8、大中小班 1:15）。；核對現場教保服務人員之教師證、教保員資格備查冊。
ntpc-pre-0371,新北市淡水區坪頂國民小學附設幼兒園,淡水區,公立學校附設幼兒園,198,新北市淡水區小坪頂20號,02-2709-3584,低風險,31,查核師生比是否符合法定標準（幼幼班 1:8、大中小班 1:15）。；核對現場教保服務人員之教師證、教保員資格備查冊。
ntpc-pre-0370,新北市淡水區天生國民小學附設幼兒園,淡水區,公立學校附設幼兒園,97,新北市淡水區淡海路72號,02-2811-4534,高風險,86,查核師生比是否符合法定標準（幼幼班 1:8、大中小班 1:15）。；核對現場教保服務人員之教師證、教保員資格備查冊。
ntpc-pre-0375,新北市淡水區屯山國民小學附設幼兒園,淡水區,公立學校附設幼兒園,146,新北市淡水區淡金路五段111號,02-2468-1853,低風險,20,查核師生比是否符合法定標準（幼幼班 1:8、大中小班 1:15）。；核對現場教保服務人員之教師證、教保員資格備查冊。
ntpc-pre-0367,新北市淡水區文化國民小學附設幼兒園,淡水區,公立學校附設幼兒園,151,新北市淡水區真理街19號,02-2907-2184,低風險,36,查核師生比是否符合法定標準（幼幼班 1:8、大中小班 1:15）。；核對現場教保服務人員之教師證、教保員資格備查冊。
ntpc-pre-0369,新北市淡水區新興國民小學附設幼兒園,淡水區,公立學校附設幼兒園,186,新北市淡水區新興街123號,02-2926-9141,低風險,20,查核師生比是否符合法定標準（幼幼班 1:8、大中小班 1:15）。；核對現場教保服務人員之教師證、教保員資格備查冊。
ntpc-pre-0366,新北市淡水區淡水國民小學附設幼兒園,淡水區,公立學校附設幼兒園,148,新北市淡水區中山路155號,02-2577-8618,低風險,32,查核師生比是否符合法定標準（幼幼班 1:8、大中小班 1:15）。；核對現場教保服務人員之教師證、教保員資格備查冊。
ntpc-pre-0368,新北市淡水區竹圍國民小學附設幼兒園,淡水區,公立學校附設幼兒園,199,新北市淡水區中正東路二段145號,02-2873-7191,高風險,83,查核師生比是否符合法定標準（幼幼班 1:8、大中小班 1:15）。；核對現場教保服務人員之教師證、教保員資格備查冊。
ntpc-pre-0373,新北市淡水區純德小學國民小學附設幼兒園,淡水區,公立學校附設幼兒園,171,新北市淡水區真理街26號,02-2767-7083,低風險,23,查核師生比是否符合法定標準（幼幼班 1:8、大中小班 1:15）。；核對現場教保服務人員之教師證、教保員資格備查冊。
ntpc-pre-0372,新北市淡水區育英國民小學附設幼兒園,淡水區,公立學校附設幼兒園,201,新北市淡水區埤島里38號,02-2712-8721,中風險,64,查核師生比是否符合法定標準（幼幼班 1:8、大中小班 1:15）。；核對現場教保服務人員之教師證、教保員資格備查冊。
ntpc-hs-0037,新北市私立淡江高級中學,淡水區,私立高中,1900,新北市淡水區真理街26號,02-2883-4354,低風險,30,中央廚房食材登錄平台每日食材驗收與溯源登錄稽查。；校舍樓梯走廊防墜設施、消防設備檢修合格證在效期內。
ntpc-el-0210,新北市立中泰國民小學,淡水區,市立國小,600,新北市淡水區中和里大屯溪22號,02-2596-6679,中風險,48,中央廚房食材登錄平台每日食材驗收與溯源登錄稽查。；校舍樓梯走廊防墜設施、消防設備檢修合格證在效期內。
ntpc-el-0207,新北市立坪頂國民小學,淡水區,市立國小,750,新北市淡水區小坪頂20號,02-2681-8385,低風險,18,中央廚房食材登錄平台每日食材驗收與溯源登錄稽查。；校舍樓梯走廊防墜設施、消防設備檢修合格證在效期內。
ntpc-el-0206,新北市立天生國民小學,淡水區,市立國小,1600,新北市淡水區淡海路72號,02-2613-5830,低風險,29,中央廚房食材登錄平台每日食材驗收與溯源登錄稽查。；校舍樓梯走廊防墜設施、消防設備檢修合格證在效期內。
ntpc-el-0211,新北市立屯山國民小學,淡水區,市立國小,650,新北市淡水區淡金路五段111號,02-2812-9915,中風險,58,中央廚房食材登錄平台每日食材驗收與溯源登錄稽查。；校舍樓梯走廊防墜設施、消防設備檢修合格證在效期內。
ntpc-el-0203,新北市立文化國民小學,淡水區,市立國小,1750,新北市淡水區真理街19號,02-2322-8024,低風險,33,中央廚房食材登錄平台每日食材驗收與溯源登錄稽查。；校舍樓梯走廊防墜設施、消防設備檢修合格證在效期內。
ntpc-es-0165,新北市立新市國民小學,淡水區,市立國小,2200,新北市淡水區中山北路二段200號,02-2626-2141,低風險,19,淡海新市鎮智慧校園智慧教室設備與校園門禁安全系統。；學生營養午餐產銷履歷生鮮蔬果進貨驗收查核紀錄。
ntpc-el-0205,新北市立新興國民小學,淡水區,市立國小,1950,新北市淡水區新興街123號,02-2859-6190,低風險,18,中央廚房食材登錄平台每日食材驗收與溯源登錄稽查。；校舍樓梯走廊防墜設施、消防設備檢修合格證在效期內。
ntpc-jh-0087,新北市立正德國民中學,淡水區,市立國中,1650,新北市淡水區北新路109號,02-2615-3967,低風險,23,中央廚房食材登錄平台每日食材驗收與溯源登錄稽查。；校舍樓梯走廊防墜設施、消防設備檢修合格證在效期內。
ntpc-jh-0088,新北市立正德國民中學賢孝校區,淡水區,市立國中,450,新北市淡水區賢孝里公埔子24之1號,02-2228-2878,低風險,26,中央廚房食材登錄平台每日食材驗收與溯源登錄稽查。；校舍樓梯走廊防墜設施、消防設備檢修合格證在效期內。
ntpc-jh-0086,新北市立淡水國民中學,淡水區,市立國中,1350,新北市淡水區真理街10號,02-2440-1584,低風險,29,中央廚房食材登錄平台每日食材驗收與溯源登錄稽查。；校舍樓梯走廊防墜設施、消防設備檢修合格證在效期內。
ntpc-el-0202,新北市立淡水國民小學,淡水區,市立國小,2100,新北市淡水區中山路155號,02-2741-8751,低風險,31,中央廚房食材登錄平台每日食材驗收與溯源登錄稽查。；校舍樓梯走廊防墜設施、消防設備檢修合格證在效期內。
ntpc-pre-0450,新北市立淡水幼兒園,淡水區,市立幼兒園,160,新北市淡水區真理街10號,02-2803-5312,低風險,19,查核師生比是否符合法定標準（幼幼班 1:8、大中小班 1:15）。；核對現場教保服務人員之教師證、教保員資格備查冊。
ntpc-hs-0036,新北市立淡水高級商工職業學校,淡水區,市立高職,2200,新北市淡水區商工路307號,02-2822-6958,低風險,22,中央廚房食材登錄平台每日食材驗收與溯源登錄稽查。；校舍樓梯走廊防墜設施、消防設備檢修合格證在效期內。
ntpc-el-0204,新北市立竹圍國民小學,淡水區,市立國小,1850,新北市淡水區中正東路二段145號,02-2698-1699,低風險,25,中央廚房食材登錄平台每日食材驗收與溯源登錄稽查。；校舍樓梯走廊防墜設施、消防設備檢修合格證在效期內。
ntpc-hs-0035,新北市立竹圍高級中學,淡水區,市立高中,1600,新北市淡水區民生路62號,02-2763-8030,中風險,55,中央廚房食材登錄平台每日食材驗收與溯源登錄稽查。；校舍樓梯走廊防墜設施、消防設備檢修合格證在效期內。
ntpc-el-0209,新北市立純德小學,淡水區,市立國小,1100,新北市淡水區真理街26號,02-2987-5841,低風險,29,中央廚房食材登錄平台每日食材驗收與溯源登錄稽查。；校舍樓梯走廊防墜設施、消防設備檢修合格證在效期內。
ntpc-el-0208,新北市立育英國民小學,淡水區,市立國小,650,新北市淡水區埤島里38號,02-2275-4028,低風險,31,中央廚房食材登錄平台每日食材驗收與溯源登錄稽查。；校舍樓梯走廊防墜設施、消防設備檢修合格證在效期內。
ntpc-pre-0426,新北市深坑區深坑國民小學附設幼兒園,深坑區,公立學校附設幼兒園,148,新北市深坑區文化街45號,02-2220-7691,低風險,24,查核師生比是否符合法定標準（幼幼班 1:8、大中小班 1:15）。；核對現場教保服務人員之教師證、教保員資格備查冊。
ntpc-jh-0103,新北市立深坑國民中學,深坑區,市立國中,850,新北市深坑區文化街41號,02-2920-7347,低風險,30,中央廚房食材登錄平台每日食材驗收與溯源登錄稽查。；校舍樓梯走廊防墜設施、消防設備檢修合格證在效期內。
ntpc-el-0262,新北市立深坑國民小學,深坑區,市立國小,1500,新北市深坑區文化街45號,02-2325-8586,低風險,36,中央廚房食材登錄平台每日食材驗收與溯源登錄稽查。；校舍樓梯走廊防墜設施、消防設備檢修合格證在效期內。
ntpc-pre-0438,新北市烏來區烏來國民中小學國小部國民小學附設幼兒園,烏來區,公立學校附設幼兒園,158,新北市烏來區啦卡路5號,02-2579-6738,中風險,55,查核師生比是否符合法定標準（幼幼班 1:8、大中小班 1:15）。；核對現場教保服務人員之教師證、教保員資格備查冊。
ntpc-pre-0439,新北市烏來區福山國民小學附設幼兒園,烏來區,公立學校附設幼兒園,169,新北市烏來區福山里大羅蘭68號,02-2745-6042,低風險,35,查核師生比是否符合法定標準（幼幼班 1:8、大中小班 1:15）。；核對現場教保服務人員之教師證、教保員資格備查冊。
ntpc-jh-0075,新北市立烏來國民中小學國中部,烏來區,市立國中,350,新北市烏來區啦卡路5號,02-2405-3313,高風險,72,中央廚房食材登錄平台每日食材驗收與溯源登錄稽查。；校舍樓梯走廊防墜設施、消防設備檢修合格證在效期內。
ntpc-el-0274,新北市立烏來國民中小學國小部,烏來區,市立國小,450,新北市烏來區啦卡路5號,02-2681-3755,低風險,28,中央廚房食材登錄平台每日食材驗收與溯源登錄稽查。；校舍樓梯走廊防墜設施、消防設備檢修合格證在效期內。
ntpc-el-0275,新北市立福山國民小學,烏來區,市立國小,350,新北市烏來區福山里大羅蘭68號,02-2670-3371,低風險,18,中央廚房食材登錄平台每日食材驗收與溯源登錄稽查。；校舍樓梯走廊防墜設施、消防設備檢修合格證在效期內。
ntpc-pre-0414,新北市瑞芳區九份國民小學附設幼兒園,瑞芳區,公立學校附設幼兒園,163,新北市瑞芳區崙頂路145號,02-2957-7275,低風險,32,查核師生比是否符合法定標準（幼幼班 1:8、大中小班 1:15）。；核對現場教保服務人員之教師證、教保員資格備查冊。
ntpc-pre-0413,新北市瑞芳區猴硐國民小學附設幼兒園,瑞芳區,公立學校附設幼兒園,186,新北市瑞芳區九芎橋路69-1號,02-2907-8352,低風險,31,查核師生比是否符合法定標準（幼幼班 1:8、大中小班 1:15）。；核對現場教保服務人員之教師證、教保員資格備查冊。
ntpc-pre-0412,新北市瑞芳區瑞濱國民小學附設幼兒園,瑞芳區,公立學校附設幼兒園,125,新北市瑞芳區建基路一段44號,02-2525-2545,中風險,63,查核師生比是否符合法定標準（幼幼班 1:8、大中小班 1:15）。；核對現場教保服務人員之教師證、教保員資格備查冊。
ntpc-pre-0410,新北市瑞芳區瑞芳國民小學附設幼兒園,瑞芳區,公立學校附設幼兒園,99,新北市瑞芳區中山路2號,02-2655-6700,低風險,21,查核師生比是否符合法定標準（幼幼班 1:8、大中小班 1:15）。；核對現場教保服務人員之教師證、教保員資格備查冊。
ntpc-pre-0411,新北市瑞芳區義方國民小學附設幼兒園,瑞芳區,公立學校附設幼兒園,180,新北市瑞芳區逢甲路360號,02-2620-5847,低風險,25,查核師生比是否符合法定標準（幼幼班 1:8、大中小班 1:15）。；核對現場教保服務人員之教師證、教保員資格備查冊。
ntpc-pre-0415,新北市瑞芳區鼻頭國民小學附設幼兒園,瑞芳區,公立學校附設幼兒園,142,新北市瑞芳區鼻頭路99號,02-2402-2857,低風險,31,查核師生比是否符合法定標準（幼幼班 1:8、大中小班 1:15）。；核對現場教保服務人員之教師證、教保員資格備查冊。
ntpc-hs-0050,新北市私立時雨高級中學,瑞芳區,私立高中,1200,新北市瑞芳區金光路22號,02-2496-2217,低風險,32,中央廚房食材登錄平台每日食材驗收與溯源登錄稽查。；住校生宿舍與教學大樓防墜設施、消防安全設備檢修合格證在效期內。
ntpc-el-0250,新北市立九份國民小學,瑞芳區,市立國小,600,新北市瑞芳區崙頂路145號,02-2834-8169,低風險,28,中央廚房食材登錄平台每日食材驗收與溯源登錄稽查。；校舍樓梯走廊防墜設施、消防設備檢修合格證在效期內。
ntpc-jh-0102,新北市立欽賢國民中學,瑞芳區,市立國中,400,新北市瑞芳區崙頂路1-1號,02-2309-3459,低風險,35,中央廚房食材登錄平台每日食材驗收與溯源登錄稽查。；校舍樓梯走廊防墜設施、消防設備檢修合格證在效期內。
ntpc-el-0249,新北市立猴硐國民小學,瑞芳區,市立國小,500,新北市瑞芳區九芎橋路69-1號,02-2499-4149,低風險,25,中央廚房食材登錄平台每日食材驗收與溯源登錄稽查。；校舍樓梯走廊防墜設施、消防設備檢修合格證在效期內。
ntpc-el-0248,新北市立瑞濱國民小學,瑞芳區,市立國小,650,新北市瑞芳區建基路一段44號,02-2776-8620,低風險,24,中央廚房食材登錄平台每日食材驗收與溯源登錄稽查。；校舍樓梯走廊防墜設施、消防設備檢修合格證在效期內。
ntpc-jh-0101,新北市立瑞芳國民中學,瑞芳區,市立國中,750,新北市瑞芳區三爪子坑路1號,02-2291-6723,中風險,64,中央廚房食材登錄平台每日食材驗收與溯源登錄稽查。；校舍樓梯走廊防墜設施、消防設備檢修合格證在效期內。
ntpc-el-0246,新北市立瑞芳國民小學,瑞芳區,市立國小,1300,新北市瑞芳區中山路2號,02-2415-5506,高風險,87,中央廚房食材登錄平台每日食材驗收與溯源登錄稽查。；校舍樓梯走廊防墜設施、消防設備檢修合格證在效期內。
ntpc-hs-0045,新北市立瑞芳高級工業職業學校,瑞芳區,市立高職,1400,新北市瑞芳區三爪子坑路1號,02-2326-3738,低風險,20,中央廚房食材登錄平台每日食材驗收與溯源登錄稽查。；校舍樓梯走廊防墜設施、消防設備檢修合格證在效期內。
ntpc-el-0247,新北市立義方國民小學,瑞芳區,市立國小,1100,新北市瑞芳區逢甲路360號,02-2534-1288,低風險,17,中央廚房食材登錄平台每日食材驗收與溯源登錄稽查。；校舍樓梯走廊防墜設施、消防設備檢修合格證在效期內。
ntpc-el-0251,新北市立鼻頭國民小學,瑞芳區,市立國小,550,新北市瑞芳區鼻頭路99號,02-2260-7184,低風險,20,中央廚房食材登錄平台每日食材驗收與溯源登錄稽查。；校舍樓梯走廊防墜設施、消防設備檢修合格證在效期內。
ntpc-pre-0428,新北市石碇區和平國民小學附設幼兒園,石碇區,公立學校附設幼兒園,119,新北市石碇區崩山1號,02-2906-5134,中風險,64,查核師生比是否符合法定標準（幼幼班 1:8、大中小班 1:15）。；核對現場教保服務人員之教師證、教保員資格備查冊。
ntpc-pre-0427,新北市石碇區石碇國民小學附設幼兒園,石碇區,公立學校附設幼兒園,116,新北市石碇區碇坪路一段65號,02-2546-4186,低風險,27,查核師生比是否符合法定標準（幼幼班 1:8、大中小班 1:15）。；核對現場教保服務人員之教師證、教保員資格備查冊。
ntpc-el-0264,新北市立和平國民小學,石碇區,市立國小,500,新北市石碇區崩山1號,02-2387-1444,高風險,84,中央廚房食材登錄平台每日食材驗收與溯源登錄稽查。；校舍樓梯走廊防墜設施、消防設備檢修合格證在效期內。
ntpc-el-0263,新北市立石碇國民小學,石碇區,市立國小,700,新北市石碇區碇坪路一段65號,02-2707-5827,低風險,36,中央廚房食材登錄平台每日食材驗收與溯源登錄稽查。；校舍樓梯走廊防墜設施、消防設備檢修合格證在效期內。
ntpc-hs-0048,新北市立石碇高級中學,石碇區,市立高中,800,新北市石碇區碇坪路一段42號,02-2754-6995,低風險,29,中央廚房食材登錄平台每日食材驗收與溯源登錄稽查。；校舍樓梯走廊防墜設施、消防設備檢修合格證在效期內。
ntpc-pre-0425,新北市石門區乾華國民小學附設幼兒園,石門區,公立學校附設幼兒園,134,新北市石門區茂林村23號,02-2809-6419,低風險,29,查核師生比是否符合法定標準（幼幼班 1:8、大中小班 1:15）。；核對現場教保服務人員之教師證、教保員資格備查冊。
ntpc-pre-0423,新北市石門區石門國民小學附設幼兒園,石門區,公立學校附設幼兒園,206,新北市石門區中央路9號,02-2669-5680,低風險,33,查核師生比是否符合法定標準（幼幼班 1:8、大中小班 1:15）。；核對現場教保服務人員之教師證、教保員資格備查冊。
ntpc-pre-0424,新北市石門區老梅國民小學附設幼兒園,石門區,公立學校附設幼兒園,102,新北市石門區老梅路1號,02-2455-3608,低風險,29,查核師生比是否符合法定標準（幼幼班 1:8、大中小班 1:15）。；核對現場教保服務人員之教師證、教保員資格備查冊。
ntpc-el-0261,新北市立乾華國民小學,石門區,市立國小,500,新北市石門區茂林村23號,02-2879-4611,低風險,22,中央廚房食材登錄平台每日食材驗收與溯源登錄稽查。；校舍樓梯走廊防墜設施、消防設備檢修合格證在效期內。
ntpc-jh-0104,新北市立石門國民中學,石門區,市立國中,350,新北市石門區中央路2-2號,02-2508-8684,低風險,29,中央廚房食材登錄平台每日食材驗收與溯源登錄稽查。；校舍樓梯走廊防墜設施、消防設備檢修合格證在效期內。
ntpc-el-0259,新北市立石門國民小學,石門區,市立國小,1000,新北市石門區中央路9號,02-2258-4161,低風險,17,中央廚房食材登錄平台每日食材驗收與溯源登錄稽查。；校舍樓梯走廊防墜設施、消防設備檢修合格證在效期內。
ntpc-el-0260,新北市立老梅國民小學,石門區,市立國小,600,新北市石門區老梅路1號,02-2740-7228,低風險,19,中央廚房食材登錄平台每日食材驗收與溯源登錄稽查。；校舍樓梯走廊防墜設施、消防設備檢修合格證在效期內。
ntpc-hs-0057,新北市私立中華商業海事職業學校,萬里區,私立高職,600,新北市萬里區瑪鋉路15號,02-2492-2111,低風險,45,航海輪機實習安全檢定符合法規。；海事安全防護設備檢定合格。
ntpc-el-0255,新北市立大坪國民小學,萬里區,市立國小,550,新北市萬里區大坪路1號,02-2778-1183,低風險,24,中央廚房食材登錄平台每日食材驗收與溯源登錄稽查。；校舍樓梯走廊防墜設施、消防設備檢修合格證在效期內。
ntpc-jh-0107,新北市立萬里國民中學,萬里區,市立國中,500,新北市萬里區瑪鋉路18號,02-2790-3954,低風險,24,中央廚房食材登錄平台每日食材驗收與溯源登錄稽查。；校舍樓梯走廊防墜設施、消防設備檢修合格證在效期內。
ntpc-el-0254,新北市立萬里國民小學,萬里區,市立國小,1200,新北市萬里區瑪鋉路18號,02-2285-4720,中風險,65,中央廚房食材登錄平台每日食材驗收與溯源登錄稽查。；校舍樓梯走廊防墜設施、消防設備檢修合格證在效期內。
ntpc-el-0256,新北市立野柳國民小學,萬里區,市立國小,650,新北市萬里區港東路58號,02-2551-7071,低風險,25,中央廚房食材登錄平台每日食材驗收與溯源登錄稽查。；校舍樓梯走廊防墜設施、消防設備檢修合格證在效期內。
ntpc-pre-0419,新北市萬里區大坪國民小學附設幼兒園,萬里區,公立學校附設幼兒園,134,新北市萬里區大坪路1號,02-2722-3614,低風險,30,查核師生比是否符合法定標準（幼幼班 1:8、大中小班 1:15）。；核對現場教保服務人員之教師證、教保員資格備查冊。
ntpc-pre-0418,新北市萬里區萬里國民小學附設幼兒園,萬里區,公立學校附設幼兒園,177,新北市萬里區瑪鋉路18號,02-2961-5571,低風險,24,查核師生比是否符合法定標準（幼幼班 1:8、大中小班 1:15）。；核對現場教保服務人員之教師證、教保員資格備查冊。
ntpc-pre-0420,新北市萬里區野柳國民小學附設幼兒園,萬里區,公立學校附設幼兒園,127,新北市萬里區港東路58號,02-2238-4576,低風險,21,查核師生比是否符合法定標準（幼幼班 1:8、大中小班 1:15）。；核對現場教保服務人員之教師證、教保員資格備查冊。
ntpc-hs-0030,新北市私立徐匯高級中學,蘆洲區,私立高中,1850,新北市蘆洲區中山一路1號,02-2312-2069,低風險,36,中央廚房食材登錄平台每日食材驗收與溯源登錄稽查。；校舍樓梯走廊防墜設施、消防設備檢修合格證在效期內。
ntpc-hs-0029,新北市立三民高級中學,蘆洲區,市立高中,2100,新北市蘆洲區三民路96號,02-2312-3179,低風險,31,中央廚房食材登錄平台每日食材驗收與溯源登錄稽查。；校舍樓梯走廊防墜設施、消防設備檢修合格證在效期內。
ntpc-el-0182,新北市立仁愛國民小學,蘆洲區,市立國小,2200,新北市蘆洲區民族路488號,02-2963-4865,低風險,22,中央廚房食材登錄平台每日食材驗收與溯源登錄稽查。；校舍樓梯走廊防墜設施、消防設備檢修合格證在效期內。
ntpc-el-0181,新北市立忠義國民小學,蘆洲區,市立國小,2100,新北市蘆洲區光榮路99號,02-2929-3485,低風險,17,中央廚房食材登錄平台每日食材驗收與溯源登錄稽查。；校舍樓梯走廊防墜設施、消防設備檢修合格證在效期內。
ntpc-el-0183,新北市立成功國民小學,蘆洲區,市立國小,2050,新北市蘆洲區長安街311號,02-2544-9757,低風險,18,中央廚房食材登錄平台每日食材驗收與溯源登錄稽查。；校舍樓梯走廊防墜設施、消防設備檢修合格證在效期內。
ntpc-jh-0078,新北市立蘆洲國民中學,蘆洲區,市立國中,1750,新北市蘆洲區中正路265號,02-2671-9435,中風險,50,中央廚房食材登錄平台每日食材驗收與溯源登錄稽查。；校舍樓梯走廊防墜設施、消防設備檢修合格證在效期內。
ntpc-el-0179,新北市立蘆洲國民小學,蘆洲區,市立國小,2250,新北市蘆洲區中正路100號,02-2254-9548,中風險,65,中央廚房食材登錄平台每日食材驗收與溯源登錄稽查。；校舍樓梯走廊防墜設施、消防設備檢修合格證在效期內。
ntpc-pre-0447,新北市立蘆洲幼兒園,蘆洲區,市立幼兒園,170,新北市蘆洲區中正路265號,02-2977-4284,低風險,19,查核師生比是否符合法定標準（幼幼班 1:8、大中小班 1:15）。；核對現場教保服務人員之教師證、教保員資格備查冊。
ntpc-jh-0079,新北市立鷺江國民中學,蘆洲區,市立國中,1600,新北市蘆洲區長樂路212號,02-2929-6129,低風險,22,中央廚房食材登錄平台每日食材驗收與溯源登錄稽查。；校舍樓梯走廊防墜設施、消防設備檢修合格證在效期內。
ntpc-el-0180,新北市立鷺江國民小學,蘆洲區,市立國小,2400,新北市蘆洲區民族路7號,02-2301-2920,高風險,86,中央廚房食材登錄平台每日食材驗收與溯源登錄稽查。；校舍樓梯走廊防墜設施、消防設備檢修合格證在效期內。
ntpc-pre-0346,新北市蘆洲區仁愛國民小學附設幼兒園,蘆洲區,公立學校附設幼兒園,188,新北市蘆洲區民族路488號,02-2527-1706,低風險,28,查核師生比是否符合法定標準（幼幼班 1:8、大中小班 1:15）。；核對現場教保服務人員之教師證、教保員資格備查冊。
ntpc-pre-0345,新北市蘆洲區忠義國民小學附設幼兒園,蘆洲區,公立學校附設幼兒園,137,新北市蘆洲區光榮路99號,02-2549-4849,低風險,36,查核師生比是否符合法定標準（幼幼班 1:8、大中小班 1:15）。；核對現場教保服務人員之教師證、教保員資格備查冊。
ntpc-pre-0347,新北市蘆洲區成功國民小學附設幼兒園,蘆洲區,公立學校附設幼兒園,126,新北市蘆洲區長安街311號,02-2332-2531,低風險,30,查核師生比是否符合法定標準（幼幼班 1:8、大中小班 1:15）。；核對現場教保服務人員之教師證、教保員資格備查冊。
ntpc-pre-0343,新北市蘆洲區蘆洲國民小學附設幼兒園,蘆洲區,公立學校附設幼兒園,97,新北市蘆洲區中正路100號,02-2410-7923,低風險,23,查核師生比是否符合法定標準（幼幼班 1:8、大中小班 1:15）。；核對現場教保服務人員之教師證、教保員資格備查冊。
ntpc-pre-0344,新北市蘆洲區鷺江國民小學附設幼兒園,蘆洲區,公立學校附設幼兒園,146,新北市蘆洲區民族路7號,02-2372-6972,低風險,29,查核師生比是否符合法定標準（幼幼班 1:8、大中小班 1:15）。；核對現場教保服務人員之教師證、教保員資格備查冊。
ntpc-el-0273,新北市立澳底國民小學,貢寮區,市立國小,750,新北市貢寮區新港街1號,02-2252-5449,低風險,35,中央廚房食材登錄平台每日食材驗收與溯源登錄稽查。；校舍樓梯走廊防墜設施、消防設備檢修合格證在效期內。
ntpc-el-0272,新北市立福隆國民小學,貢寮區,市立國小,650,新北市貢寮區東興街34號,02-2742-7595,低風險,24,中央廚房食材登錄平台每日食材驗收與溯源登錄稽查。；校舍樓梯走廊防墜設施、消防設備檢修合格證在效期內。
ntpc-jh-0124,新北市立豐珠中學,貢寮區,市立中學,150,新北市貢寮區雞母嶺街6-6號,02-2494-1596,低風險,21,中途學校輔導網絡與生活照護落實。；偏鄉校舍公安與學生膳食合格審核。
ntpc-jh-0110,新北市立豐珠國民中小學,貢寮區,市立國中,200,新北市貢寮區雞母嶺街66號,02-2615-7358,中風險,55,中央廚房食材登錄平台每日食材驗收與溯源登錄稽查。；校舍樓梯走廊防墜設施、消防設備檢修合格證在效期內。
ntpc-jh-0109,新北市立貢寮國民中學,貢寮區,市立國中,350,新北市貢寮區長泰路17號,02-2799-2468,低風險,27,中央廚房食材登錄平台每日食材驗收與溯源登錄稽查。；校舍樓梯走廊防墜設施、消防設備檢修合格證在效期內。
ntpc-el-0271,新北市立貢寮國民小學,貢寮區,市立國小,800,新北市貢寮區長泰路19號,02-2861-2768,低風險,29,中央廚房食材登錄平台每日食材驗收與溯源登錄稽查。；校舍樓梯走廊防墜設施、消防設備檢修合格證在效期內。
ntpc-pre-0437,新北市貢寮區澳底國民小學附設幼兒園,貢寮區,公立學校附設幼兒園,115,新北市貢寮區新港街1號,02-2304-5438,低風險,26,查核師生比是否符合法定標準（幼幼班 1:8、大中小班 1:15）。；核對現場教保服務人員之教師證、教保員資格備查冊。
ntpc-pre-0436,新北市貢寮區福隆國民小學附設幼兒園,貢寮區,公立學校附設幼兒園,103,新北市貢寮區東興街34號,02-2323-1072,低風險,31,查核師生比是否符合法定標準（幼幼班 1:8、大中小班 1:15）。；核對現場教保服務人員之教師證、教保員資格備查冊。
ntpc-pre-0435,新北市貢寮區貢寮國民小學附設幼兒園,貢寮區,公立學校附設幼兒園,110,新北市貢寮區長泰路19號,02-2833-3103,高風險,75,查核師生比是否符合法定標準（幼幼班 1:8、大中小班 1:15）。；核對現場教保服務人員之教師證、教保員資格備查冊。
ntpc-el-0253,新北市立中角國民小學,金山區,市立國小,600,新北市金山區海邊路22號,02-2842-7550,低風險,19,中央廚房食材登錄平台每日食材驗收與溯源登錄稽查。；校舍樓梯走廊防墜設施、消防設備檢修合格證在效期內。
ntpc-el-0252,新北市立金山國民小學,金山區,市立國小,1250,新北市金山區金包里街15號,02-2319-8454,低風險,21,中央廚房食材登錄平台每日食材驗收與溯源登錄稽查。；校舍樓梯走廊防墜設施、消防設備檢修合格證在效期內。
ntpc-hs-0046,新北市立金山高級中學,金山區,市立高中,700,新北市金山區文化二路2號,02-2663-7969,中風險,63,中央廚房食材登錄平台每日食材驗收與溯源登錄稽查。；校舍樓梯走廊防墜設施、消防設備檢修合格證在效期內。
ntpc-jh-0106,新北市立金山高級中學國中部,金山區,市立國中,650,新北市金山區文化二路2號,02-2823-7498,低風險,17,中央廚房食材登錄平台每日食材驗收與溯源登錄稽查。；校舍樓梯走廊防墜設施、消防設備檢修合格證在效期內。
ntpc-pre-0417,新北市金山區中角國民小學附設幼兒園,金山區,公立學校附設幼兒園,107,新北市金山區海邊路22號,02-2271-3188,低風險,22,查核師生比是否符合法定標準（幼幼班 1:8、大中小班 1:15）。；核對現場教保服務人員之教師證、教保員資格備查冊。
ntpc-pre-0416,新北市金山區金山國民小學附設幼兒園,金山區,公立學校附設幼兒園,161,新北市金山區金包里街15號,02-2900-4815,高風險,73,查核師生比是否符合法定標準（幼幼班 1:8、大中小班 1:15）。；核對現場教保服務人員之教師證、教保員資格備查冊。
ntpc-el-0270,新北市立上林國民小學,雙溪區,市立國小,550,新北市雙溪區內平林38號,02-2603-7831,低風險,35,中央廚房食材登錄平台每日食材驗收與溯源登錄稽查。；校舍樓梯走廊防墜設施、消防設備檢修合格證在效期內。
ntpc-el-0269,新北市立雙溪國民小學,雙溪區,市立國小,1000,新北市雙溪區東榮街54號,02-2446-3984,低風險,17,中央廚房食材登錄平台每日食材驗收與溯源登錄稽查。；校舍樓梯走廊防墜設施、消防設備檢修合格證在效期內。
ntpc-hs-0047,新北市立雙溪高級中學,雙溪區,市立高中,650,新北市雙溪區梅竹蹊3號,02-2589-7714,低風險,23,中央廚房食材登錄平台每日食材驗收與溯源登錄稽查。；校舍樓梯走廊防墜設施、消防設備檢修合格證在效期內。
ntpc-jh-0108,新北市立雙溪高級中學國中部,雙溪區,市立國中,450,新北市雙溪區梅竹蹊3號,02-2866-2578,低風險,22,中央廚房食材登錄平台每日食材驗收與溯源登錄稽查。；校舍樓梯走廊防墜設施、消防設備檢修合格證在效期內。
ntpc-pre-0434,新北市雙溪區上林國民小學附設幼兒園,雙溪區,公立學校附設幼兒園,99,新北市雙溪區內平林38號,02-2653-7006,低風險,31,查核師生比是否符合法定標準（幼幼班 1:8、大中小班 1:15）。；核對現場教保服務人員之教師證、教保員資格備查冊。
ntpc-pre-0433,新北市雙溪區雙溪國民小學附設幼兒園,雙溪區,公立學校附設幼兒園,93,新北市雙溪區東榮街54號,02-2966-9955,低風險,18,查核師生比是否符合法定標準（幼幼班 1:8、大中小班 1:15）。；核對現場教保服務人員之教師證、教保員資格備查冊。
ntpc-el-0225,新北市立中湖國民小學,鶯歌區,市立國小,1200,新北市鶯歌區中湖街25號,02-2674-5659,低風險,34,中央廚房食材登錄平台每日食材驗收與溯源登錄稽查。；校舍樓梯走廊防墜設施、消防設備檢修合格證在效期內。
ntpc-el-0221,新北市立二橋國民小學,鶯歌區,市立國小,1400,新北市鶯歌區中正三路207號,02-2303-9788,低風險,26,中央廚房食材登錄平台每日食材驗收與溯源登錄稽查。；校舍樓梯走廊防墜設施、消防設備檢修合格證在效期內。
ntpc-jh-0122,新北市立尖山國民中學,鶯歌區,市立國中,650,新北市鶯歌區國中街1號,02-8677-2281,低風險,28,陶藝特色工坊工安與防墜檢定合格。；食材留樣48小時驗收記錄備查。
ntpc-el-0222,新北市立建國國民小學,鶯歌區,市立國小,1800,新北市鶯歌區育英街2號,02-2543-1033,中風險,59,中央廚房食材登錄平台每日食材驗收與溯源登錄稽查。；校舍樓梯走廊防墜設施、消防設備檢修合格證在效期內。
ntpc-el-0223,新北市立昌福國民小學,鶯歌區,市立國小,1650,新北市鶯歌區國慶街256號,02-2717-7313,低風險,20,中央廚房食材登錄平台每日食材驗收與溯源登錄稽查。；校舍樓梯走廊防墜設施、消防設備檢修合格證在效期內。
ntpc-jh-0093,新北市立鳳鳴國民中學,鶯歌區,市立國中,1200,新北市鶯歌區永和街12號,02-2395-9780,中風險,51,中央廚房食材登錄平台每日食材驗收與溯源登錄稽查。；校舍樓梯走廊防墜設施、消防設備檢修合格證在效期內。
ntpc-el-0224,新北市立鳳鳴國民小學,鶯歌區,市立國小,1700,新北市鶯歌區永和街12號,02-2986-4638,低風險,17,中央廚房食材登錄平台每日食材驗收與溯源登錄稽查。；校舍樓梯走廊防墜設施、消防設備檢修合格證在效期內。
ntpc-jh-0092,新北市立鶯歌國民中學,鶯歌區,市立國中,1500,新北市鶯歌區尖山埔路108號,02-2589-8563,低風險,24,中央廚房食材登錄平台每日食材驗收與溯源登錄稽查。；校舍樓梯走廊防墜設施、消防設備檢修合格證在效期內。
ntpc-el-0220,新北市立鶯歌國民小學,鶯歌區,市立國小,2050,新北市鶯歌區尖山埔路106號,02-2768-9780,低風險,24,中央廚房食材登錄平台每日食材驗收與溯源登錄稽查。；校舍樓梯走廊防墜設施、消防設備檢修合格證在效期內。
ntpc-hs-0040,新北市立鶯歌高級工商職業學校,鶯歌區,市立高職,1700,新北市鶯歌區中正三路154號,02-2336-6450,低風險,19,中央廚房食材登錄平台每日食材驗收與溯源登錄稽查。；校舍樓梯走廊防墜設施、消防設備檢修合格證在效期內。
ntpc-pre-0389,新北市鶯歌區中湖國民小學附設幼兒園,鶯歌區,公立學校附設幼兒園,198,新北市鶯歌區中湖街25號,02-2804-1512,低風險,16,查核師生比是否符合法定標準（幼幼班 1:8、大中小班 1:15）。；核對現場教保服務人員之教師證、教保員資格備查冊。
ntpc-pre-0385,新北市鶯歌區二橋國民小學附設幼兒園,鶯歌區,公立學校附設幼兒園,171,新北市鶯歌區中正三路207號,02-2592-7405,低風險,24,查核師生比是否符合法定標準（幼幼班 1:8、大中小班 1:15）。；核對現場教保服務人員之教師證、教保員資格備查冊。
ntpc-pre-0386,新北市鶯歌區建國國民小學附設幼兒園,鶯歌區,公立學校附設幼兒園,189,新北市鶯歌區育英街2號,02-2363-9247,低風險,29,查核師生比是否符合法定標準（幼幼班 1:8、大中小班 1:15）。；核對現場教保服務人員之教師證、教保員資格備查冊。
ntpc-pre-0387,新北市鶯歌區昌福國民小學附設幼兒園,鶯歌區,公立學校附設幼兒園,166,新北市鶯歌區國慶街256號,02-2492-3444,低風險,29,查核師生比是否符合法定標準（幼幼班 1:8、大中小班 1:15）。；核對現場教保服務人員之教師證、教保員資格備查冊。
ntpc-pre-0388,新北市鶯歌區鳳鳴國民小學附設幼兒園,鶯歌區,公立學校附設幼兒園,199,新北市鶯歌區永和街12號,02-2645-8611,低風險,16,查核師生比是否符合法定標準（幼幼班 1:8、大中小班 1:15）。；核對現場教保服務人員之教師證、教保員資格備查冊。
ntpc-pre-0384,新北市鶯歌區鶯歌國民小學附設幼兒園,鶯歌區,公立學校附設幼兒園,148,新北市鶯歌區尖山埔路106號,02-2393-5965,低風險,17,查核師生比是否符合法定標準（幼幼班 1:8、大中小班 1:15）。；核對現場教保服務人員之教師證、教保員資格備查冊。
